INSERT INTO `associatedfeature` (id) VALUES ('06dd95d1-0cb2-424a-896e-be7bdf841eb1');
INSERT INTO `associatedfeature` (id) VALUES ('08fa2f1f-21af-4e2b-9774-f6ea33e82eb2');
INSERT INTO `associatedfeature` (id) VALUES ('0e8c2da9-4c1c-4703-8367-2d5769bd3672');
INSERT INTO `associatedfeature` (id) VALUES ('16574645-e2a3-414e-b92f-8aa3172372a9');
INSERT INTO `associatedfeature` (id) VALUES ('1852e479-224d-4100-89eb-c0ce0dd9ae81');
INSERT INTO `associatedfeature` (id) VALUES ('1d966e87-9696-4da3-811b-ac1d61c977a4');
INSERT INTO `associatedfeature` (id) VALUES ('35f32f64-e725-4fcd-86f8-ccdedeac93e2');
INSERT INTO `associatedfeature` (id) VALUES ('37f120a5-a43e-413b-bf16-3c544b66dc68');
INSERT INTO `associatedfeature` (id) VALUES ('477665e4-ee8c-42ad-b478-4f25d506bdd2');
INSERT INTO `associatedfeature` (id) VALUES ('53158710-2d5f-4528-ba5a-14b8f4b75912');
INSERT INTO `associatedfeature` (id) VALUES ('57c783f2-a5f8-456a-99fe-53909e02b16a');
INSERT INTO `associatedfeature` (id) VALUES ('83d26459-a915-4307-8030-e916ae0dc15a');
INSERT INTO `associatedfeature` (id) VALUES ('87c94410-1739-45d3-8527-f70a5ef21d22');
INSERT INTO `associatedfeature` (id) VALUES ('99673cd4-3f49-4919-864d-dd9f2f8ef52f');
INSERT INTO `associatedfeature` (id) VALUES ('a34cd767-7834-416f-9323-b4f61bad9249');
INSERT INTO `associatedfeature` (id) VALUES ('a43be22d-1219-4aa9-8419-970c595f6620');
INSERT INTO `associatedfeature` (id) VALUES ('a4b1217c-4d19-4157-86cd-7d0ec8c892b3');
INSERT INTO `associatedfeature` (id) VALUES ('b3dbd7fa-3c0b-43e4-8078-1c05af08f96a');
INSERT INTO `associatedfeature` (id) VALUES ('bb143ba4-40fb-4c40-9613-5b384ae39b13');
INSERT INTO `associatedfeature` (id) VALUES ('be79a172-2796-45ef-af58-55b534064194');
INSERT INTO `associatedfeature` (id) VALUES ('d1004a49-b10f-4d6c-8ad5-cfa5bbe7ea78');
INSERT INTO `associatedfeature` (id) VALUES ('dfe6a222-4b7a-445a-8332-25872d462190');
INSERT INTO `associatedfeature` (id) VALUES ('e61cdaec-346d-4332-8338-3b1ff47c5162');
INSERT INTO `associatedfeature` (id) VALUES ('e9d725c9-8511-4f72-aec0-ab8c9452f9e6');
INSERT INTO `associatedfeature` (id) VALUES ('f450a176-8304-43be-99d1-94889e684a7b');
INSERT INTO `associatedfeature` (id) VALUES ('f492195c-f591-4903-9992-e60ed04923fd');
INSERT INTO `associatedfeature` (id) VALUES ('f9ff8eff-312b-403c-b9e2-7a70a3f06313');
INSERT INTO `associatedfeature` (id) VALUES ('fc6c5401-288e-4585-bc7f-909d7a0224e4');
INSERT INTO `associatedpoint` (id, id_PositioningNetElement, intrinsicReference, deltaPosition) VALUES ('06dd95d1-0cb2-424a-896e-be7bdf841eb1', '9f5aea90-d268-466e-8b9c-032c4183a8d3', 0.0, 400.0);
INSERT INTO `associatedpoint` (id, id_PositioningNetElement, intrinsicReference, deltaPosition) VALUES ('08fa2f1f-21af-4e2b-9774-f6ea33e82eb2', '9f5aea90-d268-466e-8b9c-032c4183a8d3', 0.0, 401.5);
INSERT INTO `associatedpoint` (id, id_PositioningNetElement, intrinsicReference, deltaPosition) VALUES ('0e8c2da9-4c1c-4703-8367-2d5769bd3672', '9f5aea90-d268-466e-8b9c-032c4183a8d3', 0.0, 0.0);
INSERT INTO `associatedpoint` (id, id_PositioningNetElement, intrinsicReference, deltaPosition) VALUES ('1852e479-224d-4100-89eb-c0ce0dd9ae81', '9f5aea90-d268-466e-8b9c-032c4183a8d3', 0.0, 6400.0);
INSERT INTO `associatedpoint` (id, id_PositioningNetElement, intrinsicReference, deltaPosition) VALUES ('1d966e87-9696-4da3-811b-ac1d61c977a4', '9f5aea90-d268-466e-8b9c-032c4183a8d3', 0.0, 1900.0);
INSERT INTO `associatedpoint` (id, id_PositioningNetElement, intrinsicReference, deltaPosition) VALUES ('35f32f64-e725-4fcd-86f8-ccdedeac93e2', '9f5aea90-d268-466e-8b9c-032c4183a8d3', 0.0, 1901.5);
INSERT INTO `associatedpoint` (id, id_PositioningNetElement, intrinsicReference, deltaPosition) VALUES ('37f120a5-a43e-413b-bf16-3c544b66dc68', '9f5aea90-d268-466e-8b9c-032c4183a8d3', 0.0, 9400.0);
INSERT INTO `associatedpoint` (id, id_PositioningNetElement, intrinsicReference, deltaPosition) VALUES ('477665e4-ee8c-42ad-b478-4f25d506bdd2', '9f5aea90-d268-466e-8b9c-032c4183a8d3', 0.0, 9401.5);
INSERT INTO `associatedpoint` (id, id_PositioningNetElement, intrinsicReference, deltaPosition) VALUES ('53158710-2d5f-4528-ba5a-14b8f4b75912', '9f5aea90-d268-466e-8b9c-032c4183a8d3', 0.0, 4901.5);
INSERT INTO `associatedpoint` (id, id_PositioningNetElement, intrinsicReference, deltaPosition) VALUES ('57c783f2-a5f8-456a-99fe-53909e02b16a', '9f5aea90-d268-466e-8b9c-032c4183a8d3', 0.0, 3500.0);
INSERT INTO `associatedpoint` (id, id_PositioningNetElement, intrinsicReference, deltaPosition) VALUES ('83d26459-a915-4307-8030-e916ae0dc15a', '9f5aea90-d268-466e-8b9c-032c4183a8d3', 0.0, 9100.0);
INSERT INTO `associatedpoint` (id, id_PositioningNetElement, intrinsicReference, deltaPosition) VALUES ('99673cd4-3f49-4919-864d-dd9f2f8ef52f', '9f5aea90-d268-466e-8b9c-032c4183a8d3', 0.0, 5500.0);
INSERT INTO `associatedpoint` (id, id_PositioningNetElement, intrinsicReference, deltaPosition) VALUES ('a34cd767-7834-416f-9323-b4f61bad9249', '9f5aea90-d268-466e-8b9c-032c4183a8d3', 0.0, 6401.5);
INSERT INTO `associatedpoint` (id, id_PositioningNetElement, intrinsicReference, deltaPosition) VALUES ('b3dbd7fa-3c0b-43e4-8078-1c05af08f96a', '9f5aea90-d268-466e-8b9c-032c4183a8d3', 0.0, 4900.0);
INSERT INTO `associatedpoint` (id, id_PositioningNetElement, intrinsicReference, deltaPosition) VALUES ('bb143ba4-40fb-4c40-9613-5b384ae39b13', '9f5aea90-d268-466e-8b9c-032c4183a8d3', 0.0, 7000.0);
INSERT INTO `associatedpoint` (id, id_PositioningNetElement, intrinsicReference, deltaPosition) VALUES ('be79a172-2796-45ef-af58-55b534064194', '9f5aea90-d268-466e-8b9c-032c4183a8d3', 0.0, 7901.5);
INSERT INTO `associatedpoint` (id, id_PositioningNetElement, intrinsicReference, deltaPosition) VALUES ('d1004a49-b10f-4d6c-8ad5-cfa5bbe7ea78', '9f5aea90-d268-466e-8b9c-032c4183a8d3', 0.0, 3401.5);
INSERT INTO `associatedpoint` (id, id_PositioningNetElement, intrinsicReference, deltaPosition) VALUES ('dfe6a222-4b7a-445a-8332-25872d462190', '9f5aea90-d268-466e-8b9c-032c4183a8d3', 1.0, 0.0);
INSERT INTO `associatedpoint` (id, id_PositioningNetElement, intrinsicReference, deltaPosition) VALUES ('e9d725c9-8511-4f72-aec0-ab8c9452f9e6', '9f5aea90-d268-466e-8b9c-032c4183a8d3', 0.0, 1800.0);
INSERT INTO `associatedpoint` (id, id_PositioningNetElement, intrinsicReference, deltaPosition) VALUES ('f450a176-8304-43be-99d1-94889e684a7b', '9f5aea90-d268-466e-8b9c-032c4183a8d3', 0.0, 7900.0);
INSERT INTO `associatedpoint` (id, id_PositioningNetElement, intrinsicReference, deltaPosition) VALUES ('fc6c5401-288e-4585-bc7f-909d7a0224e4', '9f5aea90-d268-466e-8b9c-032c4183a8d3', 0.0, 3400.0);
INSERT INTO `associatedsegment` (id, id_AssociatedPoint_A, id_AssociatedPoint_B) VALUES ('16574645-e2a3-414e-b92f-8aa3172372a9', '99673cd4-3f49-4919-864d-dd9f2f8ef52f', 'bb143ba4-40fb-4c40-9613-5b384ae39b13');
INSERT INTO `associatedsegment` (id, id_AssociatedPoint_A, id_AssociatedPoint_B) VALUES ('87c94410-1739-45d3-8527-f70a5ef21d22', '0e8c2da9-4c1c-4703-8367-2d5769bd3672', 'dfe6a222-4b7a-445a-8332-25872d462190');
INSERT INTO `associatedsegment` (id, id_AssociatedPoint_A, id_AssociatedPoint_B) VALUES ('a43be22d-1219-4aa9-8419-970c595f6620', '0e8c2da9-4c1c-4703-8367-2d5769bd3672', 'e9d725c9-8511-4f72-aec0-ab8c9452f9e6');
INSERT INTO `associatedsegment` (id, id_AssociatedPoint_A, id_AssociatedPoint_B) VALUES ('a4b1217c-4d19-4157-86cd-7d0ec8c892b3', '57c783f2-a5f8-456a-99fe-53909e02b16a', '99673cd4-3f49-4919-864d-dd9f2f8ef52f');
INSERT INTO `associatedsegment` (id, id_AssociatedPoint_A, id_AssociatedPoint_B) VALUES ('e61cdaec-346d-4332-8338-3b1ff47c5162', '83d26459-a915-4307-8030-e916ae0dc15a', 'dfe6a222-4b7a-445a-8332-25872d462190');
INSERT INTO `associatedsegment` (id, id_AssociatedPoint_A, id_AssociatedPoint_B) VALUES ('f492195c-f591-4903-9992-e60ed04923fd', 'e9d725c9-8511-4f72-aec0-ab8c9452f9e6', '57c783f2-a5f8-456a-99fe-53909e02b16a');
INSERT INTO `associatedsegment` (id, id_AssociatedPoint_A, id_AssociatedPoint_B) VALUES ('f9ff8eff-312b-403c-b9e2-7a70a3f06313', 'bb143ba4-40fb-4c40-9613-5b384ae39b13', '83d26459-a915-4307-8030-e916ae0dc15a');
INSERT INTO `balise` (id, baliseType, defaultTelegram, id_BaliseGroup, positionInGroup, duplicate) VALUES ('0e6cec43-1bb4-4e24-a0b0-8d1e45785962', 'fixed', 1646735399, 'a44e105a-2bcc-4071-ae65-41c1c7a554a5', 2, 'no');
INSERT INTO `balise` (id, baliseType, defaultTelegram, id_BaliseGroup, positionInGroup, duplicate) VALUES ('14b894cb-72f6-45da-b22b-168e3d6ba1f5', 'fixed', 1646735399, 'cb79cd85-bf6d-4721-92cf-e831cc1b9fbe', 2, 'no');
INSERT INTO `balise` (id, baliseType, defaultTelegram, id_BaliseGroup, positionInGroup, duplicate) VALUES ('15b164e0-fc91-47de-952d-a68fe7c50ba9', 'fixed', 1646735399, '12a9fbaa-a938-4b7b-b8cd-021654ae15ad', 2, 'no');
INSERT INTO `balise` (id, baliseType, defaultTelegram, id_BaliseGroup, positionInGroup, duplicate) VALUES ('33fee6ba-08dd-4215-8370-375cd90f60e5', 'fixed', 1646735399, 'fde33595-b45e-49df-84f6-e3225cffe7f8', 2, 'no');
INSERT INTO `balise` (id, baliseType, defaultTelegram, id_BaliseGroup, positionInGroup, duplicate) VALUES ('4b9e9aea-130a-4e52-a299-31f6bddc7627', 'fixed', 1646735399, 'a7bcf251-31d9-4ad1-84a3-8f78414d14bc', 2, 'no');
INSERT INTO `balise` (id, baliseType, defaultTelegram, id_BaliseGroup, positionInGroup, duplicate) VALUES ('57cb1234-4d6a-4b52-a458-c40774e6fefe', 'fixed', 1646735399, '12a9fbaa-a938-4b7b-b8cd-021654ae15ad', 1, 'no');
INSERT INTO `balise` (id, baliseType, defaultTelegram, id_BaliseGroup, positionInGroup, duplicate) VALUES ('88a94592-853b-4010-b73b-8e0f722b021f', 'fixed', 1646735399, 'a44e105a-2bcc-4071-ae65-41c1c7a554a5', 1, 'no');
INSERT INTO `balise` (id, baliseType, defaultTelegram, id_BaliseGroup, positionInGroup, duplicate) VALUES ('8fd4275c-ad38-4af0-ad9f-5c11bbc701f0', 'fixed', 1646735399, 'fde33595-b45e-49df-84f6-e3225cffe7f8', 1, 'no');
INSERT INTO `balise` (id, baliseType, defaultTelegram, id_BaliseGroup, positionInGroup, duplicate) VALUES ('a0ed63cd-08ce-4386-b7f6-91028e2a00b2', 'fixed', 1646735399, '8ecfe2fe-701c-4b4c-9cc8-b9d80e149726', 1, 'no');
INSERT INTO `balise` (id, baliseType, defaultTelegram, id_BaliseGroup, positionInGroup, duplicate) VALUES ('b03701dd-6d73-4e04-bc9d-f75c5fab068e', 'fixed', 1646735399, 'cb79cd85-bf6d-4721-92cf-e831cc1b9fbe', 1, 'no');
INSERT INTO `balise` (id, baliseType, defaultTelegram, id_BaliseGroup, positionInGroup, duplicate) VALUES ('d87311d1-6618-4c4f-87e3-79a4b9467dfc', 'fixed', 1646735399, '3ad943ed-1e60-40d4-80d2-0181bc9b712b', 1, 'no');
INSERT INTO `balise` (id, baliseType, defaultTelegram, id_BaliseGroup, positionInGroup, duplicate) VALUES ('e27b2e79-8fbe-417c-a389-a20d34348580', 'fixed', 1646735399, 'a7bcf251-31d9-4ad1-84a3-8f78414d14bc', 1, 'no');
INSERT INTO `balise` (id, baliseType, defaultTelegram, id_BaliseGroup, positionInGroup, duplicate) VALUES ('e48942cd-f01c-4c2c-998a-4d7d8e8ac354', 'fixed', 1646735399, '8ecfe2fe-701c-4b4c-9cc8-b9d80e149726', 2, 'no');
INSERT INTO `balise` (id, baliseType, defaultTelegram, id_BaliseGroup, positionInGroup, duplicate) VALUES ('e59b6695-e707-478f-b58e-8138c950fa96', 'fixed', 1646735399, '3ad943ed-1e60-40d4-80d2-0181bc9b712b', 2, 'no');
INSERT INTO `balisegroup` (id, applicationType, mileageDirection, coverage, numberOfBalisesInGroup) VALUES ('12a9fbaa-a938-4b7b-b8cd-021654ae15ad', 'ETCS', 'nominal', 'physical', 2);
INSERT INTO `balisegroup` (id, applicationType, mileageDirection, coverage, numberOfBalisesInGroup) VALUES ('3ad943ed-1e60-40d4-80d2-0181bc9b712b', 'ETCS', 'nominal', 'physical', 2);
INSERT INTO `balisegroup` (id, applicationType, mileageDirection, coverage, numberOfBalisesInGroup) VALUES ('8ecfe2fe-701c-4b4c-9cc8-b9d80e149726', 'ETCS', 'nominal', 'physical', 2);
INSERT INTO `balisegroup` (id, applicationType, mileageDirection, coverage, numberOfBalisesInGroup) VALUES ('a44e105a-2bcc-4071-ae65-41c1c7a554a5', 'ETCS', 'nominal', 'physical', 2);
INSERT INTO `balisegroup` (id, applicationType, mileageDirection, coverage, numberOfBalisesInGroup) VALUES ('a7bcf251-31d9-4ad1-84a3-8f78414d14bc', 'ETCS', 'nominal', 'physical', 2);
INSERT INTO `balisegroup` (id, applicationType, mileageDirection, coverage, numberOfBalisesInGroup) VALUES ('cb79cd85-bf6d-4721-92cf-e831cc1b9fbe', 'ETCS', 'nominal', 'physical', 2);
INSERT INTO `balisegroup` (id, applicationType, mileageDirection, coverage, numberOfBalisesInGroup) VALUES ('fde33595-b45e-49df-84f6-e3225cffe7f8', 'ETCS', 'nominal', 'physical', 2);
INSERT INTO `baseobject` (id) VALUES ('06dd95d1-0cb2-424a-896e-be7bdf841eb1');
INSERT INTO `baseobject` (id) VALUES ('08c1efb0-603f-4322-ab54-336d072c3463');
INSERT INTO `baseobject` (id) VALUES ('08fa2f1f-21af-4e2b-9774-f6ea33e82eb2');
INSERT INTO `baseobject` (id) VALUES ('0e6cec43-1bb4-4e24-a0b0-8d1e45785962');
INSERT INTO `baseobject` (id) VALUES ('0e8c2da9-4c1c-4703-8367-2d5769bd3672');
INSERT INTO `baseobject` (id) VALUES ('12a9fbaa-a938-4b7b-b8cd-021654ae15ad');
INSERT INTO `baseobject` (id) VALUES ('12d30e44-12d8-44fe-b8fd-535027a6d50c');
INSERT INTO `baseobject` (id) VALUES ('14b894cb-72f6-45da-b22b-168e3d6ba1f5');
INSERT INTO `baseobject` (id) VALUES ('15b164e0-fc91-47de-952d-a68fe7c50ba9');
INSERT INTO `baseobject` (id) VALUES ('16574645-e2a3-414e-b92f-8aa3172372a9');
INSERT INTO `baseobject` (id) VALUES ('1852e479-224d-4100-89eb-c0ce0dd9ae81');
INSERT INTO `baseobject` (id) VALUES ('187de3a6-a988-45df-8527-c8cbfbb0829e');
INSERT INTO `baseobject` (id) VALUES ('1ae78cd6-7951-42ca-9b4c-2eda61c8b3f3');
INSERT INTO `baseobject` (id) VALUES ('1d966e87-9696-4da3-811b-ac1d61c977a4');
INSERT INTO `baseobject` (id) VALUES ('21e2fed0-5c8b-48e6-8378-cee47ba74c6a');
INSERT INTO `baseobject` (id) VALUES ('259085ea-b8a8-4b7e-95e2-2e2a633a11e8');
INSERT INTO `baseobject` (id) VALUES ('2f916a50-f0b2-4a5e-81bb-7a689d7207f7');
INSERT INTO `baseobject` (id) VALUES ('33fee6ba-08dd-4215-8370-375cd90f60e5');
INSERT INTO `baseobject` (id) VALUES ('357b97d0-4372-4fb0-b88a-34bd134cc3c0');
INSERT INTO `baseobject` (id) VALUES ('35f32f64-e725-4fcd-86f8-ccdedeac93e2');
INSERT INTO `baseobject` (id) VALUES ('37f120a5-a43e-413b-bf16-3c544b66dc68');
INSERT INTO `baseobject` (id) VALUES ('38ea7202-070c-4c40-910d-8e95799f123f');
INSERT INTO `baseobject` (id) VALUES ('3ad943ed-1e60-40d4-80d2-0181bc9b712b');
INSERT INTO `baseobject` (id) VALUES ('3e1a8de4-23ca-4af4-9bc8-37c144f56018');
INSERT INTO `baseobject` (id) VALUES ('400ff05d-6e67-441f-ad05-09fb90176c75');
INSERT INTO `baseobject` (id) VALUES ('477665e4-ee8c-42ad-b478-4f25d506bdd2');
INSERT INTO `baseobject` (id) VALUES ('4a471d80-3559-46d9-b39c-1ec5ab4d6703');
INSERT INTO `baseobject` (id) VALUES ('4b9e9aea-130a-4e52-a299-31f6bddc7627');
INSERT INTO `baseobject` (id) VALUES ('4e015053-7a61-44b7-a025-f2f317667e92');
INSERT INTO `baseobject` (id) VALUES ('52bd816e-0ab2-4826-95b4-f7cc369a6716');
INSERT INTO `baseobject` (id) VALUES ('53158710-2d5f-4528-ba5a-14b8f4b75912');
INSERT INTO `baseobject` (id) VALUES ('57c783f2-a5f8-456a-99fe-53909e02b16a');
INSERT INTO `baseobject` (id) VALUES ('57cb1234-4d6a-4b52-a458-c40774e6fefe');
INSERT INTO `baseobject` (id) VALUES ('58af1adc-c998-43c3-9671-73a0cc42984a');
INSERT INTO `baseobject` (id) VALUES ('5c476edf-caf6-4482-95da-6df88ea1c1f9');
INSERT INTO `baseobject` (id) VALUES ('63326cb3-6b55-48bd-84dc-462f3f959e08');
INSERT INTO `baseobject` (id) VALUES ('65f773bf-5482-4ce8-bac7-326b7c4f06d3');
INSERT INTO `baseobject` (id) VALUES ('6bd5a39b-6ec6-4be0-ae3d-0842efceb640');
INSERT INTO `baseobject` (id) VALUES ('8317a7fb-7dd0-4a9f-8cc5-57332d4ab490');
INSERT INTO `baseobject` (id) VALUES ('83d26459-a915-4307-8030-e916ae0dc15a');
INSERT INTO `baseobject` (id) VALUES ('87c94410-1739-45d3-8527-f70a5ef21d22');
INSERT INTO `baseobject` (id) VALUES ('887a1848-5937-41db-a953-df5034273cad');
INSERT INTO `baseobject` (id) VALUES ('88a94592-853b-4010-b73b-8e0f722b021f');
INSERT INTO `baseobject` (id) VALUES ('8ecfe2fe-701c-4b4c-9cc8-b9d80e149726');
INSERT INTO `baseobject` (id) VALUES ('8fd4275c-ad38-4af0-ad9f-5c11bbc701f0');
INSERT INTO `baseobject` (id) VALUES ('920afcc4-7ceb-4eb9-96a3-5c146b48946e');
INSERT INTO `baseobject` (id) VALUES ('99673cd4-3f49-4919-864d-dd9f2f8ef52f');
INSERT INTO `baseobject` (id) VALUES ('9d156751-9d2c-46d2-9cff-fb656f62a8fe');
INSERT INTO `baseobject` (id) VALUES ('9f5aea90-d268-466e-8b9c-032c4183a8d3');
INSERT INTO `baseobject` (id) VALUES ('a0ed63cd-08ce-4386-b7f6-91028e2a00b2');
INSERT INTO `baseobject` (id) VALUES ('a34cd767-7834-416f-9323-b4f61bad9249');
INSERT INTO `baseobject` (id) VALUES ('a43be22d-1219-4aa9-8419-970c595f6620');
INSERT INTO `baseobject` (id) VALUES ('a44e105a-2bcc-4071-ae65-41c1c7a554a5');
INSERT INTO `baseobject` (id) VALUES ('a4b1217c-4d19-4157-86cd-7d0ec8c892b3');
INSERT INTO `baseobject` (id) VALUES ('a7bcf251-31d9-4ad1-84a3-8f78414d14bc');
INSERT INTO `baseobject` (id) VALUES ('b03701dd-6d73-4e04-bc9d-f75c5fab068e');
INSERT INTO `baseobject` (id) VALUES ('b1f09257-4bc5-40a4-8bd5-30c3de972846');
INSERT INTO `baseobject` (id) VALUES ('b3dbd7fa-3c0b-43e4-8078-1c05af08f96a');
INSERT INTO `baseobject` (id) VALUES ('bb143ba4-40fb-4c40-9613-5b384ae39b13');
INSERT INTO `baseobject` (id) VALUES ('be79a172-2796-45ef-af58-55b534064194');
INSERT INTO `baseobject` (id) VALUES ('c866d469-20b8-4ca3-a94b-20275b8d0648');
INSERT INTO `baseobject` (id) VALUES ('cb79cd85-bf6d-4721-92cf-e831cc1b9fbe');
INSERT INTO `baseobject` (id) VALUES ('ceadece9-0eb0-48db-adf2-5d3b235720ab');
INSERT INTO `baseobject` (id) VALUES ('d1004a49-b10f-4d6c-8ad5-cfa5bbe7ea78');
INSERT INTO `baseobject` (id) VALUES ('d494e868-a674-4bcc-882c-1fdee011675c');
INSERT INTO `baseobject` (id) VALUES ('d87311d1-6618-4c4f-87e3-79a4b9467dfc');
INSERT INTO `baseobject` (id) VALUES ('dccda469-f4fe-463e-8f8d-524ffffc586f');
INSERT INTO `baseobject` (id) VALUES ('dcf3609a-cead-4e12-b073-19a252dd94cf');
INSERT INTO `baseobject` (id) VALUES ('dfe6a222-4b7a-445a-8332-25872d462190');
INSERT INTO `baseobject` (id) VALUES ('e27b2e79-8fbe-417c-a389-a20d34348580');
INSERT INTO `baseobject` (id) VALUES ('e48942cd-f01c-4c2c-998a-4d7d8e8ac354');
INSERT INTO `baseobject` (id) VALUES ('e59b6695-e707-478f-b58e-8138c950fa96');
INSERT INTO `baseobject` (id) VALUES ('e61cdaec-346d-4332-8338-3b1ff47c5162');
INSERT INTO `baseobject` (id) VALUES ('e9d725c9-8511-4f72-aec0-ab8c9452f9e6');
INSERT INTO `baseobject` (id) VALUES ('f30ea11d-2467-4dc4-bfeb-c82b3df5df3b');
INSERT INTO `baseobject` (id) VALUES ('f450a176-8304-43be-99d1-94889e684a7b');
INSERT INTO `baseobject` (id) VALUES ('f492195c-f591-4903-9992-e60ed04923fd');
INSERT INTO `baseobject` (id) VALUES ('f72c00f1-145e-4bd7-a1a2-1809342fda5a');
INSERT INTO `baseobject` (id) VALUES ('f7527116-3c1b-4e07-a8e9-658a353ec16c');
INSERT INTO `baseobject` (id) VALUES ('f786090f-654b-4785-a13b-c2926dfe038e');
INSERT INTO `baseobject` (id) VALUES ('f8f7716a-54c3-4945-ba4a-c5a1753802e2');
INSERT INTO `baseobject` (id) VALUES ('f9ff8eff-312b-403c-b9e2-7a70a3f06313');
INSERT INTO `baseobject` (id) VALUES ('fc6c5401-288e-4585-bc7f-909d7a0224e4');
INSERT INTO `baseobject` (id) VALUES ('fde33595-b45e-49df-84f6-e3225cffe7f8');
INSERT INTO `compositionnetelement` (id) VALUES ('9f5aea90-d268-466e-8b9c-032c4183a8d3');
DELETE FROM `cv_associatedfeature`;
INSERT INTO `cv_associatedfeature` (id, name, longname) VALUES ('06dd95d1-0cb2-424a-896e-be7bdf841eb1', 'PAssPt_8', 'Bod lokalizace balízy 1-1');
INSERT INTO `cv_associatedfeature` (id, name, longname) VALUES ('08fa2f1f-21af-4e2b-9774-f6ea33e82eb2', 'PAssPt_9', 'Bod pro lokalizaci balízy 1-2');
INSERT INTO `cv_associatedfeature` (id, name, longname) VALUES ('0e8c2da9-4c1c-4703-8367-2d5769bd3672', 'PAssPt_1', 'Zaèátek zkušebního úseku');
INSERT INTO `cv_associatedfeature` (id, name, longname) VALUES ('16574645-e2a3-414e-b92f-8aa3172372a9', 'PAssSg_5', 'Segment pro lokalizaci klesání 1');
INSERT INTO `cv_associatedfeature` (id, name, longname) VALUES ('1852e479-224d-4100-89eb-c0ce0dd9ae81', 'PAssPt_16', 'Bod pro lokalizaci balízy 5-1');
INSERT INTO `cv_associatedfeature` (id, name, longname) VALUES ('1d966e87-9696-4da3-811b-ac1d61c977a4', 'PAssPt_10', 'Bod pro lokalizaci balízy 2-1');
INSERT INTO `cv_associatedfeature` (id, name, longname) VALUES ('35f32f64-e725-4fcd-86f8-ccdedeac93e2', 'PAssPt_11', 'Bod pro lokalizaci balízy 2-2');
INSERT INTO `cv_associatedfeature` (id, name, longname) VALUES ('37f120a5-a43e-413b-bf16-3c544b66dc68', 'PAssPt_20', 'Bod pro lokalizaci balízy 7-1');
INSERT INTO `cv_associatedfeature` (id, name, longname) VALUES ('477665e4-ee8c-42ad-b478-4f25d506bdd2', 'PAssPt_21', 'Bod pro lokalizaci balízy 7-2');
INSERT INTO `cv_associatedfeature` (id, name, longname) VALUES ('53158710-2d5f-4528-ba5a-14b8f4b75912', 'PAssPt_15', 'Bod pro lokalizaci balízy 4-2');
INSERT INTO `cv_associatedfeature` (id, name, longname) VALUES ('57c783f2-a5f8-456a-99fe-53909e02b16a', 'PAssPt_4', 'Bod zmìny sklonu 2');
INSERT INTO `cv_associatedfeature` (id, name, longname) VALUES ('83d26459-a915-4307-8030-e916ae0dc15a', 'PAssPt_7', 'Bod zmìny sklonu 5');
INSERT INTO `cv_associatedfeature` (id, name, longname) VALUES ('87c94410-1739-45d3-8527-f70a5ef21d22', 'PAssSg_1', 'Segment pro lokalizaci zkušební pøímé');
INSERT INTO `cv_associatedfeature` (id, name, longname) VALUES ('99673cd4-3f49-4919-864d-dd9f2f8ef52f', 'PAssPt_5', 'Bod zmìny sklonu 3');
INSERT INTO `cv_associatedfeature` (id, name, longname) VALUES ('a34cd767-7834-416f-9323-b4f61bad9249', 'PAssPt_17', 'Bod pro lokalizaci balízy 5-2');
INSERT INTO `cv_associatedfeature` (id, name, longname) VALUES ('a43be22d-1219-4aa9-8419-970c595f6620', 'PAssSg_2', 'Segment pro lokalizaci vodorovného úseku 1');
INSERT INTO `cv_associatedfeature` (id, name, longname) VALUES ('a4b1217c-4d19-4157-86cd-7d0ec8c892b3', 'PAssSg_4', 'Segment pro lokalizaci vodorovného úseku 2');
INSERT INTO `cv_associatedfeature` (id, name, longname) VALUES ('b3dbd7fa-3c0b-43e4-8078-1c05af08f96a', 'PAssPt_14', 'Bod pro lokalizaci balízy 4-1');
INSERT INTO `cv_associatedfeature` (id, name, longname) VALUES ('bb143ba4-40fb-4c40-9613-5b384ae39b13', 'PAssPt_6', 'Bod zmìny sklonu 4');
INSERT INTO `cv_associatedfeature` (id, name, longname) VALUES ('be79a172-2796-45ef-af58-55b534064194', 'PAssPt_19', 'Bod pro lokalizaci balízy 6-2');
INSERT INTO `cv_associatedfeature` (id, name, longname) VALUES ('d1004a49-b10f-4d6c-8ad5-cfa5bbe7ea78', 'PAssPt_13', 'Bod pro lokalizaci balízy 3-2');
INSERT INTO `cv_associatedfeature` (id, name, longname) VALUES ('dfe6a222-4b7a-445a-8332-25872d462190', 'PAssPt_2', 'Konec zkušebního úseku');
INSERT INTO `cv_associatedfeature` (id, name, longname) VALUES ('e61cdaec-346d-4332-8338-3b1ff47c5162', 'PAssSg_7', 'Segment pro lokalizaci vodorovného úseku 3');
INSERT INTO `cv_associatedfeature` (id, name, longname) VALUES ('e9d725c9-8511-4f72-aec0-ab8c9452f9e6', 'PAssPt_3', 'Bod zmìny sklonu 1');
INSERT INTO `cv_associatedfeature` (id, name, longname) VALUES ('f450a176-8304-43be-99d1-94889e684a7b', 'PAssPt_18', 'Bod pro lokalizaci balízy 6-1');
INSERT INTO `cv_associatedfeature` (id, name, longname) VALUES ('f492195c-f591-4903-9992-e60ed04923fd', 'PAssSg_3', 'Segment pro lokalizaci stoupání 1');
INSERT INTO `cv_associatedfeature` (id, name, longname) VALUES ('f9ff8eff-312b-403c-b9e2-7a70a3f06313', 'PAssSg_6', 'Segment pro lokalizaci stoupání 2');
INSERT INTO `cv_associatedfeature` (id, name, longname) VALUES ('fc6c5401-288e-4585-bc7f-909d7a0224e4', 'PAssPt_12', 'Bod pro lokalizaci balízy 3-1');
DELETE FROM `cv_associatedpoint`;
INSERT INTO `cv_associatedpoint` (id, name, longname, id_PositioningNetElement, intrinsicReference, deltaPosition) VALUES ('06dd95d1-0cb2-424a-896e-be7bdf841eb1', 'PAssPt_8', 'Bod lokalizace balízy 1-1', '9f5aea90-d268-466e-8b9c-032c4183a8d3', 0.0, 400.0);
INSERT INTO `cv_associatedpoint` (id, name, longname, id_PositioningNetElement, intrinsicReference, deltaPosition) VALUES ('08fa2f1f-21af-4e2b-9774-f6ea33e82eb2', 'PAssPt_9', 'Bod pro lokalizaci balízy 1-2', '9f5aea90-d268-466e-8b9c-032c4183a8d3', 0.0, 401.5);
INSERT INTO `cv_associatedpoint` (id, name, longname, id_PositioningNetElement, intrinsicReference, deltaPosition) VALUES ('0e8c2da9-4c1c-4703-8367-2d5769bd3672', 'PAssPt_1', 'Zaèátek zkušebního úseku', '9f5aea90-d268-466e-8b9c-032c4183a8d3', 0.0, 0.0);
INSERT INTO `cv_associatedpoint` (id, name, longname, id_PositioningNetElement, intrinsicReference, deltaPosition) VALUES ('1852e479-224d-4100-89eb-c0ce0dd9ae81', 'PAssPt_16', 'Bod pro lokalizaci balízy 5-1', '9f5aea90-d268-466e-8b9c-032c4183a8d3', 0.0, 6400.0);
INSERT INTO `cv_associatedpoint` (id, name, longname, id_PositioningNetElement, intrinsicReference, deltaPosition) VALUES ('1d966e87-9696-4da3-811b-ac1d61c977a4', 'PAssPt_10', 'Bod pro lokalizaci balízy 2-1', '9f5aea90-d268-466e-8b9c-032c4183a8d3', 0.0, 1900.0);
INSERT INTO `cv_associatedpoint` (id, name, longname, id_PositioningNetElement, intrinsicReference, deltaPosition) VALUES ('35f32f64-e725-4fcd-86f8-ccdedeac93e2', 'PAssPt_11', 'Bod pro lokalizaci balízy 2-2', '9f5aea90-d268-466e-8b9c-032c4183a8d3', 0.0, 1901.5);
INSERT INTO `cv_associatedpoint` (id, name, longname, id_PositioningNetElement, intrinsicReference, deltaPosition) VALUES ('37f120a5-a43e-413b-bf16-3c544b66dc68', 'PAssPt_20', 'Bod pro lokalizaci balízy 7-1', '9f5aea90-d268-466e-8b9c-032c4183a8d3', 0.0, 9400.0);
INSERT INTO `cv_associatedpoint` (id, name, longname, id_PositioningNetElement, intrinsicReference, deltaPosition) VALUES ('477665e4-ee8c-42ad-b478-4f25d506bdd2', 'PAssPt_21', 'Bod pro lokalizaci balízy 7-2', '9f5aea90-d268-466e-8b9c-032c4183a8d3', 0.0, 9401.5);
INSERT INTO `cv_associatedpoint` (id, name, longname, id_PositioningNetElement, intrinsicReference, deltaPosition) VALUES ('53158710-2d5f-4528-ba5a-14b8f4b75912', 'PAssPt_15', 'Bod pro lokalizaci balízy 4-2', '9f5aea90-d268-466e-8b9c-032c4183a8d3', 0.0, 4901.5);
INSERT INTO `cv_associatedpoint` (id, name, longname, id_PositioningNetElement, intrinsicReference, deltaPosition) VALUES ('57c783f2-a5f8-456a-99fe-53909e02b16a', 'PAssPt_4', 'Bod zmìny sklonu 2', '9f5aea90-d268-466e-8b9c-032c4183a8d3', 0.0, 3500.0);
INSERT INTO `cv_associatedpoint` (id, name, longname, id_PositioningNetElement, intrinsicReference, deltaPosition) VALUES ('83d26459-a915-4307-8030-e916ae0dc15a', 'PAssPt_7', 'Bod zmìny sklonu 5', '9f5aea90-d268-466e-8b9c-032c4183a8d3', 0.0, 9100.0);
INSERT INTO `cv_associatedpoint` (id, name, longname, id_PositioningNetElement, intrinsicReference, deltaPosition) VALUES ('99673cd4-3f49-4919-864d-dd9f2f8ef52f', 'PAssPt_5', 'Bod zmìny sklonu 3', '9f5aea90-d268-466e-8b9c-032c4183a8d3', 0.0, 5500.0);
INSERT INTO `cv_associatedpoint` (id, name, longname, id_PositioningNetElement, intrinsicReference, deltaPosition) VALUES ('a34cd767-7834-416f-9323-b4f61bad9249', 'PAssPt_17', 'Bod pro lokalizaci balízy 5-2', '9f5aea90-d268-466e-8b9c-032c4183a8d3', 0.0, 6401.5);
INSERT INTO `cv_associatedpoint` (id, name, longname, id_PositioningNetElement, intrinsicReference, deltaPosition) VALUES ('b3dbd7fa-3c0b-43e4-8078-1c05af08f96a', 'PAssPt_14', 'Bod pro lokalizaci balízy 4-1', '9f5aea90-d268-466e-8b9c-032c4183a8d3', 0.0, 4900.0);
INSERT INTO `cv_associatedpoint` (id, name, longname, id_PositioningNetElement, intrinsicReference, deltaPosition) VALUES ('bb143ba4-40fb-4c40-9613-5b384ae39b13', 'PAssPt_6', 'Bod zmìny sklonu 4', '9f5aea90-d268-466e-8b9c-032c4183a8d3', 0.0, 7000.0);
INSERT INTO `cv_associatedpoint` (id, name, longname, id_PositioningNetElement, intrinsicReference, deltaPosition) VALUES ('be79a172-2796-45ef-af58-55b534064194', 'PAssPt_19', 'Bod pro lokalizaci balízy 6-2', '9f5aea90-d268-466e-8b9c-032c4183a8d3', 0.0, 7901.5);
INSERT INTO `cv_associatedpoint` (id, name, longname, id_PositioningNetElement, intrinsicReference, deltaPosition) VALUES ('d1004a49-b10f-4d6c-8ad5-cfa5bbe7ea78', 'PAssPt_13', 'Bod pro lokalizaci balízy 3-2', '9f5aea90-d268-466e-8b9c-032c4183a8d3', 0.0, 3401.5);
INSERT INTO `cv_associatedpoint` (id, name, longname, id_PositioningNetElement, intrinsicReference, deltaPosition) VALUES ('dfe6a222-4b7a-445a-8332-25872d462190', 'PAssPt_2', 'Konec zkušebního úseku', '9f5aea90-d268-466e-8b9c-032c4183a8d3', 1.0, 0.0);
INSERT INTO `cv_associatedpoint` (id, name, longname, id_PositioningNetElement, intrinsicReference, deltaPosition) VALUES ('e9d725c9-8511-4f72-aec0-ab8c9452f9e6', 'PAssPt_3', 'Bod zmìny sklonu 1', '9f5aea90-d268-466e-8b9c-032c4183a8d3', 0.0, 1800.0);
INSERT INTO `cv_associatedpoint` (id, name, longname, id_PositioningNetElement, intrinsicReference, deltaPosition) VALUES ('f450a176-8304-43be-99d1-94889e684a7b', 'PAssPt_18', 'Bod pro lokalizaci balízy 6-1', '9f5aea90-d268-466e-8b9c-032c4183a8d3', 0.0, 7900.0);
INSERT INTO `cv_associatedpoint` (id, name, longname, id_PositioningNetElement, intrinsicReference, deltaPosition) VALUES ('fc6c5401-288e-4585-bc7f-909d7a0224e4', 'PAssPt_12', 'Bod pro lokalizaci balízy 3-1', '9f5aea90-d268-466e-8b9c-032c4183a8d3', 0.0, 3400.0);
DELETE FROM `cv_associatedpointgeocoord`;
DELETE FROM `cv_associatedpointlinearcoord`;
DELETE FROM `cv_associatedpositioningsystem`;
DELETE FROM `cv_associatedsegment`;
INSERT INTO `cv_associatedsegment` (id, name, longname, id_AssociatedPoint_A, id_AssociatedPoint_B) VALUES ('16574645-e2a3-414e-b92f-8aa3172372a9', 'PAssSg_5', 'Segment pro lokalizaci klesání 1', '99673cd4-3f49-4919-864d-dd9f2f8ef52f', 'bb143ba4-40fb-4c40-9613-5b384ae39b13');
INSERT INTO `cv_associatedsegment` (id, name, longname, id_AssociatedPoint_A, id_AssociatedPoint_B) VALUES ('87c94410-1739-45d3-8527-f70a5ef21d22', 'PAssSg_1', 'Segment pro lokalizaci zkušební pøímé', '0e8c2da9-4c1c-4703-8367-2d5769bd3672', 'dfe6a222-4b7a-445a-8332-25872d462190');
INSERT INTO `cv_associatedsegment` (id, name, longname, id_AssociatedPoint_A, id_AssociatedPoint_B) VALUES ('a43be22d-1219-4aa9-8419-970c595f6620', 'PAssSg_2', 'Segment pro lokalizaci vodorovného úseku 1', '0e8c2da9-4c1c-4703-8367-2d5769bd3672', 'e9d725c9-8511-4f72-aec0-ab8c9452f9e6');
INSERT INTO `cv_associatedsegment` (id, name, longname, id_AssociatedPoint_A, id_AssociatedPoint_B) VALUES ('a4b1217c-4d19-4157-86cd-7d0ec8c892b3', 'PAssSg_4', 'Segment pro lokalizaci vodorovného úseku 2', '57c783f2-a5f8-456a-99fe-53909e02b16a', '99673cd4-3f49-4919-864d-dd9f2f8ef52f');
INSERT INTO `cv_associatedsegment` (id, name, longname, id_AssociatedPoint_A, id_AssociatedPoint_B) VALUES ('e61cdaec-346d-4332-8338-3b1ff47c5162', 'PAssSg_7', 'Segment pro lokalizaci vodorovného úseku 3', '83d26459-a915-4307-8030-e916ae0dc15a', 'dfe6a222-4b7a-445a-8332-25872d462190');
INSERT INTO `cv_associatedsegment` (id, name, longname, id_AssociatedPoint_A, id_AssociatedPoint_B) VALUES ('f492195c-f591-4903-9992-e60ed04923fd', 'PAssSg_3', 'Segment pro lokalizaci stoupání 1', 'e9d725c9-8511-4f72-aec0-ab8c9452f9e6', '57c783f2-a5f8-456a-99fe-53909e02b16a');
INSERT INTO `cv_associatedsegment` (id, name, longname, id_AssociatedPoint_A, id_AssociatedPoint_B) VALUES ('f9ff8eff-312b-403c-b9e2-7a70a3f06313', 'PAssSg_6', 'Segment pro lokalizaci stoupání 2', 'bb143ba4-40fb-4c40-9613-5b384ae39b13', '83d26459-a915-4307-8030-e916ae0dc15a');
DELETE FROM `cv_associatedsignaltype`;
DELETE FROM `cv_balise`;
INSERT INTO `cv_balise` (id, name, longname, id_NetEntity_Template, derivationRule, baliseType, defaultTelegram, id_BaliseGroup, positionInGroup, duplicate) VALUES ('0e6cec43-1bb4-4e24-a0b0-8d1e45785962', 'XPBlse_14', 'Balíza 7-2', '', '', 'fixed', 1646735399, 'a44e105a-2bcc-4071-ae65-41c1c7a554a5', 2, 'no');
INSERT INTO `cv_balise` (id, name, longname, id_NetEntity_Template, derivationRule, baliseType, defaultTelegram, id_BaliseGroup, positionInGroup, duplicate) VALUES ('14b894cb-72f6-45da-b22b-168e3d6ba1f5', 'XPBlse_10', 'Balíza 5-2', '', '', 'fixed', 1646735399, 'cb79cd85-bf6d-4721-92cf-e831cc1b9fbe', 2, 'no');
INSERT INTO `cv_balise` (id, name, longname, id_NetEntity_Template, derivationRule, baliseType, defaultTelegram, id_BaliseGroup, positionInGroup, duplicate) VALUES ('15b164e0-fc91-47de-952d-a68fe7c50ba9', 'XPBlse_4', 'Balíza 2-2', '', '', 'fixed', 1646735399, '12a9fbaa-a938-4b7b-b8cd-021654ae15ad', 2, 'no');
INSERT INTO `cv_balise` (id, name, longname, id_NetEntity_Template, derivationRule, baliseType, defaultTelegram, id_BaliseGroup, positionInGroup, duplicate) VALUES ('33fee6ba-08dd-4215-8370-375cd90f60e5', 'XPBlse_2', 'Balíza 1-2', '', '', 'fixed', 1646735399, 'fde33595-b45e-49df-84f6-e3225cffe7f8', 2, 'no');
INSERT INTO `cv_balise` (id, name, longname, id_NetEntity_Template, derivationRule, baliseType, defaultTelegram, id_BaliseGroup, positionInGroup, duplicate) VALUES ('4b9e9aea-130a-4e52-a299-31f6bddc7627', 'XPBlse_12', 'Balíza 6-2', '', '', 'fixed', 1646735399, 'a7bcf251-31d9-4ad1-84a3-8f78414d14bc', 2, 'no');
INSERT INTO `cv_balise` (id, name, longname, id_NetEntity_Template, derivationRule, baliseType, defaultTelegram, id_BaliseGroup, positionInGroup, duplicate) VALUES ('57cb1234-4d6a-4b52-a458-c40774e6fefe', 'XPBlse_3', 'Balíza 2-1', '', '', 'fixed', 1646735399, '12a9fbaa-a938-4b7b-b8cd-021654ae15ad', 1, 'no');
INSERT INTO `cv_balise` (id, name, longname, id_NetEntity_Template, derivationRule, baliseType, defaultTelegram, id_BaliseGroup, positionInGroup, duplicate) VALUES ('88a94592-853b-4010-b73b-8e0f722b021f', 'XPBlse_13', 'Balíza 7-1', '', '', 'fixed', 1646735399, 'a44e105a-2bcc-4071-ae65-41c1c7a554a5', 1, 'no');
INSERT INTO `cv_balise` (id, name, longname, id_NetEntity_Template, derivationRule, baliseType, defaultTelegram, id_BaliseGroup, positionInGroup, duplicate) VALUES ('8fd4275c-ad38-4af0-ad9f-5c11bbc701f0', 'XPBlse_1', 'Balíza 1-1', '', '', 'fixed', 1646735399, 'fde33595-b45e-49df-84f6-e3225cffe7f8', 1, 'no');
INSERT INTO `cv_balise` (id, name, longname, id_NetEntity_Template, derivationRule, baliseType, defaultTelegram, id_BaliseGroup, positionInGroup, duplicate) VALUES ('a0ed63cd-08ce-4386-b7f6-91028e2a00b2', 'XPBlse_7', 'Balíza 4-1', '', '', 'fixed', 1646735399, '8ecfe2fe-701c-4b4c-9cc8-b9d80e149726', 1, 'no');
INSERT INTO `cv_balise` (id, name, longname, id_NetEntity_Template, derivationRule, baliseType, defaultTelegram, id_BaliseGroup, positionInGroup, duplicate) VALUES ('b03701dd-6d73-4e04-bc9d-f75c5fab068e', 'XPBlse_9', 'Balíza 5-1', '', '', 'fixed', 1646735399, 'cb79cd85-bf6d-4721-92cf-e831cc1b9fbe', 1, 'no');
INSERT INTO `cv_balise` (id, name, longname, id_NetEntity_Template, derivationRule, baliseType, defaultTelegram, id_BaliseGroup, positionInGroup, duplicate) VALUES ('d87311d1-6618-4c4f-87e3-79a4b9467dfc', 'XPBlse_5', 'Balíza 3-1', '', '', 'fixed', 1646735399, '3ad943ed-1e60-40d4-80d2-0181bc9b712b', 1, 'no');
INSERT INTO `cv_balise` (id, name, longname, id_NetEntity_Template, derivationRule, baliseType, defaultTelegram, id_BaliseGroup, positionInGroup, duplicate) VALUES ('e27b2e79-8fbe-417c-a389-a20d34348580', 'XPBlse_11', 'Balíza 6-1', '', '', 'fixed', 1646735399, 'a7bcf251-31d9-4ad1-84a3-8f78414d14bc', 1, 'no');
INSERT INTO `cv_balise` (id, name, longname, id_NetEntity_Template, derivationRule, baliseType, defaultTelegram, id_BaliseGroup, positionInGroup, duplicate) VALUES ('e48942cd-f01c-4c2c-998a-4d7d8e8ac354', 'XPBlse_8', 'Balíza 4-2', '', '', 'fixed', 1646735399, '8ecfe2fe-701c-4b4c-9cc8-b9d80e149726', 2, 'no');
INSERT INTO `cv_balise` (id, name, longname, id_NetEntity_Template, derivationRule, baliseType, defaultTelegram, id_BaliseGroup, positionInGroup, duplicate) VALUES ('e59b6695-e707-478f-b58e-8138c950fa96', 'XPBlse_6', 'Balíza 3-2', '', '', 'fixed', 1646735399, '3ad943ed-1e60-40d4-80d2-0181bc9b712b', 2, 'no');
DELETE FROM `cv_balisegroup`;
INSERT INTO `cv_balisegroup` (id, name, longname, id_NetEntity_Template, derivationRule, applicationType, mileageDirection, coverage, numberOfBalisesInGroup) VALUES ('12a9fbaa-a938-4b7b-b8cd-021654ae15ad', 'XPBaGr_2', 'Balízová skupina 2', '', '', 'ETCS', 'nominal', 'physical', 2);
INSERT INTO `cv_balisegroup` (id, name, longname, id_NetEntity_Template, derivationRule, applicationType, mileageDirection, coverage, numberOfBalisesInGroup) VALUES ('3ad943ed-1e60-40d4-80d2-0181bc9b712b', 'XPBaGr_3', 'Balízová skupina 3', '', '', 'ETCS', 'nominal', 'physical', 2);
INSERT INTO `cv_balisegroup` (id, name, longname, id_NetEntity_Template, derivationRule, applicationType, mileageDirection, coverage, numberOfBalisesInGroup) VALUES ('8ecfe2fe-701c-4b4c-9cc8-b9d80e149726', 'XPBaGr_4', 'Balízová skupina 4', '', '', 'ETCS', 'nominal', 'physical', 2);
INSERT INTO `cv_balisegroup` (id, name, longname, id_NetEntity_Template, derivationRule, applicationType, mileageDirection, coverage, numberOfBalisesInGroup) VALUES ('a44e105a-2bcc-4071-ae65-41c1c7a554a5', 'XPBaGr_7', 'Balízová skupina 7', '', '', 'ETCS', 'nominal', 'physical', 2);
INSERT INTO `cv_balisegroup` (id, name, longname, id_NetEntity_Template, derivationRule, applicationType, mileageDirection, coverage, numberOfBalisesInGroup) VALUES ('a7bcf251-31d9-4ad1-84a3-8f78414d14bc', 'XPBaGr_6', 'Balízová skupina 6', '', '', 'ETCS', 'nominal', 'physical', 2);
INSERT INTO `cv_balisegroup` (id, name, longname, id_NetEntity_Template, derivationRule, applicationType, mileageDirection, coverage, numberOfBalisesInGroup) VALUES ('cb79cd85-bf6d-4721-92cf-e831cc1b9fbe', 'XPBaGr_5', 'Balízová skupina 5', '', '', 'ETCS', 'nominal', 'physical', 2);
INSERT INTO `cv_balisegroup` (id, name, longname, id_NetEntity_Template, derivationRule, applicationType, mileageDirection, coverage, numberOfBalisesInGroup) VALUES ('fde33595-b45e-49df-84f6-e3225cffe7f8', 'XPBaGr_1', 'Balízová skupina 1', '', '', 'ETCS', 'nominal', 'physical', 2);
DELETE FROM `cv_baseobject`;
INSERT INTO `cv_baseobject` (id) VALUES ('06dd95d1-0cb2-424a-896e-be7bdf841eb1');
INSERT INTO `cv_baseobject` (id) VALUES ('08c1efb0-603f-4322-ab54-336d072c3463');
INSERT INTO `cv_baseobject` (id) VALUES ('08fa2f1f-21af-4e2b-9774-f6ea33e82eb2');
INSERT INTO `cv_baseobject` (id) VALUES ('0e6cec43-1bb4-4e24-a0b0-8d1e45785962');
INSERT INTO `cv_baseobject` (id) VALUES ('0e8c2da9-4c1c-4703-8367-2d5769bd3672');
INSERT INTO `cv_baseobject` (id) VALUES ('12a9fbaa-a938-4b7b-b8cd-021654ae15ad');
INSERT INTO `cv_baseobject` (id) VALUES ('12d30e44-12d8-44fe-b8fd-535027a6d50c');
INSERT INTO `cv_baseobject` (id) VALUES ('14b894cb-72f6-45da-b22b-168e3d6ba1f5');
INSERT INTO `cv_baseobject` (id) VALUES ('15b164e0-fc91-47de-952d-a68fe7c50ba9');
INSERT INTO `cv_baseobject` (id) VALUES ('16574645-e2a3-414e-b92f-8aa3172372a9');
INSERT INTO `cv_baseobject` (id) VALUES ('1852e479-224d-4100-89eb-c0ce0dd9ae81');
INSERT INTO `cv_baseobject` (id) VALUES ('187de3a6-a988-45df-8527-c8cbfbb0829e');
INSERT INTO `cv_baseobject` (id) VALUES ('1ae78cd6-7951-42ca-9b4c-2eda61c8b3f3');
INSERT INTO `cv_baseobject` (id) VALUES ('1d966e87-9696-4da3-811b-ac1d61c977a4');
INSERT INTO `cv_baseobject` (id) VALUES ('21e2fed0-5c8b-48e6-8378-cee47ba74c6a');
INSERT INTO `cv_baseobject` (id) VALUES ('259085ea-b8a8-4b7e-95e2-2e2a633a11e8');
INSERT INTO `cv_baseobject` (id) VALUES ('2f916a50-f0b2-4a5e-81bb-7a689d7207f7');
INSERT INTO `cv_baseobject` (id) VALUES ('33fee6ba-08dd-4215-8370-375cd90f60e5');
INSERT INTO `cv_baseobject` (id) VALUES ('357b97d0-4372-4fb0-b88a-34bd134cc3c0');
INSERT INTO `cv_baseobject` (id) VALUES ('35f32f64-e725-4fcd-86f8-ccdedeac93e2');
INSERT INTO `cv_baseobject` (id) VALUES ('37f120a5-a43e-413b-bf16-3c544b66dc68');
INSERT INTO `cv_baseobject` (id) VALUES ('38ea7202-070c-4c40-910d-8e95799f123f');
INSERT INTO `cv_baseobject` (id) VALUES ('3ad943ed-1e60-40d4-80d2-0181bc9b712b');
INSERT INTO `cv_baseobject` (id) VALUES ('3e1a8de4-23ca-4af4-9bc8-37c144f56018');
INSERT INTO `cv_baseobject` (id) VALUES ('400ff05d-6e67-441f-ad05-09fb90176c75');
INSERT INTO `cv_baseobject` (id) VALUES ('477665e4-ee8c-42ad-b478-4f25d506bdd2');
INSERT INTO `cv_baseobject` (id) VALUES ('4a471d80-3559-46d9-b39c-1ec5ab4d6703');
INSERT INTO `cv_baseobject` (id) VALUES ('4b9e9aea-130a-4e52-a299-31f6bddc7627');
INSERT INTO `cv_baseobject` (id) VALUES ('4e015053-7a61-44b7-a025-f2f317667e92');
INSERT INTO `cv_baseobject` (id) VALUES ('52bd816e-0ab2-4826-95b4-f7cc369a6716');
INSERT INTO `cv_baseobject` (id) VALUES ('53158710-2d5f-4528-ba5a-14b8f4b75912');
INSERT INTO `cv_baseobject` (id) VALUES ('57c783f2-a5f8-456a-99fe-53909e02b16a');
INSERT INTO `cv_baseobject` (id) VALUES ('57cb1234-4d6a-4b52-a458-c40774e6fefe');
INSERT INTO `cv_baseobject` (id) VALUES ('58af1adc-c998-43c3-9671-73a0cc42984a');
INSERT INTO `cv_baseobject` (id) VALUES ('5c476edf-caf6-4482-95da-6df88ea1c1f9');
INSERT INTO `cv_baseobject` (id) VALUES ('63326cb3-6b55-48bd-84dc-462f3f959e08');
INSERT INTO `cv_baseobject` (id) VALUES ('65f773bf-5482-4ce8-bac7-326b7c4f06d3');
INSERT INTO `cv_baseobject` (id) VALUES ('6bd5a39b-6ec6-4be0-ae3d-0842efceb640');
INSERT INTO `cv_baseobject` (id) VALUES ('8317a7fb-7dd0-4a9f-8cc5-57332d4ab490');
INSERT INTO `cv_baseobject` (id) VALUES ('83d26459-a915-4307-8030-e916ae0dc15a');
INSERT INTO `cv_baseobject` (id) VALUES ('87c94410-1739-45d3-8527-f70a5ef21d22');
INSERT INTO `cv_baseobject` (id) VALUES ('887a1848-5937-41db-a953-df5034273cad');
INSERT INTO `cv_baseobject` (id) VALUES ('88a94592-853b-4010-b73b-8e0f722b021f');
INSERT INTO `cv_baseobject` (id) VALUES ('8ecfe2fe-701c-4b4c-9cc8-b9d80e149726');
INSERT INTO `cv_baseobject` (id) VALUES ('8fd4275c-ad38-4af0-ad9f-5c11bbc701f0');
INSERT INTO `cv_baseobject` (id) VALUES ('920afcc4-7ceb-4eb9-96a3-5c146b48946e');
INSERT INTO `cv_baseobject` (id) VALUES ('99673cd4-3f49-4919-864d-dd9f2f8ef52f');
INSERT INTO `cv_baseobject` (id) VALUES ('9d156751-9d2c-46d2-9cff-fb656f62a8fe');
INSERT INTO `cv_baseobject` (id) VALUES ('9f5aea90-d268-466e-8b9c-032c4183a8d3');
INSERT INTO `cv_baseobject` (id) VALUES ('a0ed63cd-08ce-4386-b7f6-91028e2a00b2');
INSERT INTO `cv_baseobject` (id) VALUES ('a34cd767-7834-416f-9323-b4f61bad9249');
INSERT INTO `cv_baseobject` (id) VALUES ('a43be22d-1219-4aa9-8419-970c595f6620');
INSERT INTO `cv_baseobject` (id) VALUES ('a44e105a-2bcc-4071-ae65-41c1c7a554a5');
INSERT INTO `cv_baseobject` (id) VALUES ('a4b1217c-4d19-4157-86cd-7d0ec8c892b3');
INSERT INTO `cv_baseobject` (id) VALUES ('a7bcf251-31d9-4ad1-84a3-8f78414d14bc');
INSERT INTO `cv_baseobject` (id) VALUES ('b03701dd-6d73-4e04-bc9d-f75c5fab068e');
INSERT INTO `cv_baseobject` (id) VALUES ('b1f09257-4bc5-40a4-8bd5-30c3de972846');
INSERT INTO `cv_baseobject` (id) VALUES ('b3dbd7fa-3c0b-43e4-8078-1c05af08f96a');
INSERT INTO `cv_baseobject` (id) VALUES ('bb143ba4-40fb-4c40-9613-5b384ae39b13');
INSERT INTO `cv_baseobject` (id) VALUES ('be79a172-2796-45ef-af58-55b534064194');
INSERT INTO `cv_baseobject` (id) VALUES ('c866d469-20b8-4ca3-a94b-20275b8d0648');
INSERT INTO `cv_baseobject` (id) VALUES ('cb79cd85-bf6d-4721-92cf-e831cc1b9fbe');
INSERT INTO `cv_baseobject` (id) VALUES ('ceadece9-0eb0-48db-adf2-5d3b235720ab');
INSERT INTO `cv_baseobject` (id) VALUES ('d1004a49-b10f-4d6c-8ad5-cfa5bbe7ea78');
INSERT INTO `cv_baseobject` (id) VALUES ('d494e868-a674-4bcc-882c-1fdee011675c');
INSERT INTO `cv_baseobject` (id) VALUES ('d87311d1-6618-4c4f-87e3-79a4b9467dfc');
INSERT INTO `cv_baseobject` (id) VALUES ('dccda469-f4fe-463e-8f8d-524ffffc586f');
INSERT INTO `cv_baseobject` (id) VALUES ('dcf3609a-cead-4e12-b073-19a252dd94cf');
INSERT INTO `cv_baseobject` (id) VALUES ('dfe6a222-4b7a-445a-8332-25872d462190');
INSERT INTO `cv_baseobject` (id) VALUES ('e27b2e79-8fbe-417c-a389-a20d34348580');
INSERT INTO `cv_baseobject` (id) VALUES ('e48942cd-f01c-4c2c-998a-4d7d8e8ac354');
INSERT INTO `cv_baseobject` (id) VALUES ('e59b6695-e707-478f-b58e-8138c950fa96');
INSERT INTO `cv_baseobject` (id) VALUES ('e61cdaec-346d-4332-8338-3b1ff47c5162');
INSERT INTO `cv_baseobject` (id) VALUES ('e9d725c9-8511-4f72-aec0-ab8c9452f9e6');
INSERT INTO `cv_baseobject` (id) VALUES ('f30ea11d-2467-4dc4-bfeb-c82b3df5df3b');
INSERT INTO `cv_baseobject` (id) VALUES ('f450a176-8304-43be-99d1-94889e684a7b');
INSERT INTO `cv_baseobject` (id) VALUES ('f492195c-f591-4903-9992-e60ed04923fd');
INSERT INTO `cv_baseobject` (id) VALUES ('f72c00f1-145e-4bd7-a1a2-1809342fda5a');
INSERT INTO `cv_baseobject` (id) VALUES ('f7527116-3c1b-4e07-a8e9-658a353ec16c');
INSERT INTO `cv_baseobject` (id) VALUES ('f786090f-654b-4785-a13b-c2926dfe038e');
INSERT INTO `cv_baseobject` (id) VALUES ('f8f7716a-54c3-4945-ba4a-c5a1753802e2');
INSERT INTO `cv_baseobject` (id) VALUES ('f9ff8eff-312b-403c-b9e2-7a70a3f06313');
INSERT INTO `cv_baseobject` (id) VALUES ('fc6c5401-288e-4585-bc7f-909d7a0224e4');
INSERT INTO `cv_baseobject` (id) VALUES ('fde33595-b45e-49df-84f6-e3225cffe7f8');
DELETE FROM `cv_circulararchc`;
DELETE FROM `cv_clothoidhc`;
DELETE FROM `cv_compositionnetelement`;
INSERT INTO `cv_compositionnetelement` (id, name, longname) VALUES ('9f5aea90-d268-466e-8b9c-032c4183a8d3', 'TLinEl_1', 'Zkušební úsek');
DELETE FROM `cv_constantsuperelevation`;
DELETE FROM `cv_controlentity`;
DELETE FROM `cv_crossing`;
DELETE FROM `cv_cubicparabolahc`;
DELETE FROM `cv_electrificationarea`;
DELETE FROM `cv_electrificationentity`;
DELETE FROM `cv_elementpartcollection`;
DELETE FROM `cv_entitylocation`;
INSERT INTO `cv_entitylocation` (id) VALUES ('08c1efb0-603f-4322-ab54-336d072c3463');
INSERT INTO `cv_entitylocation` (id) VALUES ('12d30e44-12d8-44fe-b8fd-535027a6d50c');
INSERT INTO `cv_entitylocation` (id) VALUES ('187de3a6-a988-45df-8527-c8cbfbb0829e');
INSERT INTO `cv_entitylocation` (id) VALUES ('21e2fed0-5c8b-48e6-8378-cee47ba74c6a');
INSERT INTO `cv_entitylocation` (id) VALUES ('357b97d0-4372-4fb0-b88a-34bd134cc3c0');
INSERT INTO `cv_entitylocation` (id) VALUES ('38ea7202-070c-4c40-910d-8e95799f123f');
INSERT INTO `cv_entitylocation` (id) VALUES ('4e015053-7a61-44b7-a025-f2f317667e92');
INSERT INTO `cv_entitylocation` (id) VALUES ('52bd816e-0ab2-4826-95b4-f7cc369a6716');
INSERT INTO `cv_entitylocation` (id) VALUES ('5c476edf-caf6-4482-95da-6df88ea1c1f9');
INSERT INTO `cv_entitylocation` (id) VALUES ('63326cb3-6b55-48bd-84dc-462f3f959e08');
INSERT INTO `cv_entitylocation` (id) VALUES ('65f773bf-5482-4ce8-bac7-326b7c4f06d3');
INSERT INTO `cv_entitylocation` (id) VALUES ('6bd5a39b-6ec6-4be0-ae3d-0842efceb640');
INSERT INTO `cv_entitylocation` (id) VALUES ('8317a7fb-7dd0-4a9f-8cc5-57332d4ab490');
INSERT INTO `cv_entitylocation` (id) VALUES ('9d156751-9d2c-46d2-9cff-fb656f62a8fe');
INSERT INTO `cv_entitylocation` (id) VALUES ('b1f09257-4bc5-40a4-8bd5-30c3de972846');
INSERT INTO `cv_entitylocation` (id) VALUES ('c866d469-20b8-4ca3-a94b-20275b8d0648');
INSERT INTO `cv_entitylocation` (id) VALUES ('ceadece9-0eb0-48db-adf2-5d3b235720ab');
INSERT INTO `cv_entitylocation` (id) VALUES ('d494e868-a674-4bcc-882c-1fdee011675c');
INSERT INTO `cv_entitylocation` (id) VALUES ('dccda469-f4fe-463e-8f8d-524ffffc586f');
INSERT INTO `cv_entitylocation` (id) VALUES ('dcf3609a-cead-4e12-b073-19a252dd94cf');
INSERT INTO `cv_entitylocation` (id) VALUES ('f72c00f1-145e-4bd7-a1a2-1809342fda5a');
INSERT INTO `cv_entitylocation` (id) VALUES ('f7527116-3c1b-4e07-a8e9-658a353ec16c');
DELETE FROM `cv_entitylocationassignment`;
INSERT INTO `cv_entitylocationassignment` (id_EntityLocation, id_LocatedNetEntity) VALUES ('5c476edf-caf6-4482-95da-6df88ea1c1f9', '0e6cec43-1bb4-4e24-a0b0-8d1e45785962');
INSERT INTO `cv_entitylocationassignment` (id_EntityLocation, id_LocatedNetEntity) VALUES ('08c1efb0-603f-4322-ab54-336d072c3463', '14b894cb-72f6-45da-b22b-168e3d6ba1f5');
INSERT INTO `cv_entitylocationassignment` (id_EntityLocation, id_LocatedNetEntity) VALUES ('dccda469-f4fe-463e-8f8d-524ffffc586f', '15b164e0-fc91-47de-952d-a68fe7c50ba9');
INSERT INTO `cv_entitylocationassignment` (id_EntityLocation, id_LocatedNetEntity) VALUES ('6bd5a39b-6ec6-4be0-ae3d-0842efceb640', '1ae78cd6-7951-42ca-9b4c-2eda61c8b3f3');
INSERT INTO `cv_entitylocationassignment` (id_EntityLocation, id_LocatedNetEntity) VALUES ('21e2fed0-5c8b-48e6-8378-cee47ba74c6a', '259085ea-b8a8-4b7e-95e2-2e2a633a11e8');
INSERT INTO `cv_entitylocationassignment` (id_EntityLocation, id_LocatedNetEntity) VALUES ('9d156751-9d2c-46d2-9cff-fb656f62a8fe', '2f916a50-f0b2-4a5e-81bb-7a689d7207f7');
INSERT INTO `cv_entitylocationassignment` (id_EntityLocation, id_LocatedNetEntity) VALUES ('357b97d0-4372-4fb0-b88a-34bd134cc3c0', '33fee6ba-08dd-4215-8370-375cd90f60e5');
INSERT INTO `cv_entitylocationassignment` (id_EntityLocation, id_LocatedNetEntity) VALUES ('c866d469-20b8-4ca3-a94b-20275b8d0648', '4b9e9aea-130a-4e52-a299-31f6bddc7627');
INSERT INTO `cv_entitylocationassignment` (id_EntityLocation, id_LocatedNetEntity) VALUES ('38ea7202-070c-4c40-910d-8e95799f123f', '57cb1234-4d6a-4b52-a458-c40774e6fefe');
INSERT INTO `cv_entitylocationassignment` (id_EntityLocation, id_LocatedNetEntity) VALUES ('dcf3609a-cead-4e12-b073-19a252dd94cf', '887a1848-5937-41db-a953-df5034273cad');
INSERT INTO `cv_entitylocationassignment` (id_EntityLocation, id_LocatedNetEntity) VALUES ('65f773bf-5482-4ce8-bac7-326b7c4f06d3', '88a94592-853b-4010-b73b-8e0f722b021f');
INSERT INTO `cv_entitylocationassignment` (id_EntityLocation, id_LocatedNetEntity) VALUES ('f72c00f1-145e-4bd7-a1a2-1809342fda5a', '8fd4275c-ad38-4af0-ad9f-5c11bbc701f0');
INSERT INTO `cv_entitylocationassignment` (id_EntityLocation, id_LocatedNetEntity) VALUES ('52bd816e-0ab2-4826-95b4-f7cc369a6716', '920afcc4-7ceb-4eb9-96a3-5c146b48946e');
INSERT INTO `cv_entitylocationassignment` (id_EntityLocation, id_LocatedNetEntity) VALUES ('187de3a6-a988-45df-8527-c8cbfbb0829e', 'a0ed63cd-08ce-4386-b7f6-91028e2a00b2');
INSERT INTO `cv_entitylocationassignment` (id_EntityLocation, id_LocatedNetEntity) VALUES ('ceadece9-0eb0-48db-adf2-5d3b235720ab', 'b03701dd-6d73-4e04-bc9d-f75c5fab068e');
INSERT INTO `cv_entitylocationassignment` (id_EntityLocation, id_LocatedNetEntity) VALUES ('12d30e44-12d8-44fe-b8fd-535027a6d50c', 'd87311d1-6618-4c4f-87e3-79a4b9467dfc');
INSERT INTO `cv_entitylocationassignment` (id_EntityLocation, id_LocatedNetEntity) VALUES ('b1f09257-4bc5-40a4-8bd5-30c3de972846', 'e27b2e79-8fbe-417c-a389-a20d34348580');
INSERT INTO `cv_entitylocationassignment` (id_EntityLocation, id_LocatedNetEntity) VALUES ('8317a7fb-7dd0-4a9f-8cc5-57332d4ab490', 'e48942cd-f01c-4c2c-998a-4d7d8e8ac354');
INSERT INTO `cv_entitylocationassignment` (id_EntityLocation, id_LocatedNetEntity) VALUES ('4e015053-7a61-44b7-a025-f2f317667e92', 'e59b6695-e707-478f-b58e-8138c950fa96');
INSERT INTO `cv_entitylocationassignment` (id_EntityLocation, id_LocatedNetEntity) VALUES ('d494e868-a674-4bcc-882c-1fdee011675c', 'f30ea11d-2467-4dc4-bfeb-c82b3df5df3b');
INSERT INTO `cv_entitylocationassignment` (id_EntityLocation, id_LocatedNetEntity) VALUES ('63326cb3-6b55-48bd-84dc-462f3f959e08', 'f786090f-654b-4785-a13b-c2926dfe038e');
INSERT INTO `cv_entitylocationassignment` (id_EntityLocation, id_LocatedNetEntity) VALUES ('f7527116-3c1b-4e07-a8e9-658a353ec16c', 'f8f7716a-54c3-4945-ba4a-c5a1753802e2');
DELETE FROM `cv_entitytype`;
DELETE FROM `cv_functionallocation`;
INSERT INTO `cv_functionallocation` (id, functionalLocationType, applicationDirection, lateralSide, lateralDistance, verticalSide, verticalDistance) VALUES ('08c1efb0-603f-4322-ab54-336d072c3463', 'spot', 'both', '0', 0.0, '0', 0.0);
INSERT INTO `cv_functionallocation` (id, functionalLocationType, applicationDirection, lateralSide, lateralDistance, verticalSide, verticalDistance) VALUES ('12d30e44-12d8-44fe-b8fd-535027a6d50c', 'spot', 'both', '0', 0.0, '0', 0.0);
INSERT INTO `cv_functionallocation` (id, functionalLocationType, applicationDirection, lateralSide, lateralDistance, verticalSide, verticalDistance) VALUES ('187de3a6-a988-45df-8527-c8cbfbb0829e', 'spot', 'both', '0', 0.0, '0', 0.0);
INSERT INTO `cv_functionallocation` (id, functionalLocationType, applicationDirection, lateralSide, lateralDistance, verticalSide, verticalDistance) VALUES ('21e2fed0-5c8b-48e6-8378-cee47ba74c6a', 'linear', 'both', '0', 0.0, '0', 0.0);
INSERT INTO `cv_functionallocation` (id, functionalLocationType, applicationDirection, lateralSide, lateralDistance, verticalSide, verticalDistance) VALUES ('357b97d0-4372-4fb0-b88a-34bd134cc3c0', 'spot', 'both', '0', 0.0, '0', 0.0);
INSERT INTO `cv_functionallocation` (id, functionalLocationType, applicationDirection, lateralSide, lateralDistance, verticalSide, verticalDistance) VALUES ('38ea7202-070c-4c40-910d-8e95799f123f', 'spot', 'both', '0', 0.0, '0', 0.0);
INSERT INTO `cv_functionallocation` (id, functionalLocationType, applicationDirection, lateralSide, lateralDistance, verticalSide, verticalDistance) VALUES ('4e015053-7a61-44b7-a025-f2f317667e92', 'spot', 'both', '0', 0.0, '0', 0.0);
INSERT INTO `cv_functionallocation` (id, functionalLocationType, applicationDirection, lateralSide, lateralDistance, verticalSide, verticalDistance) VALUES ('52bd816e-0ab2-4826-95b4-f7cc369a6716', 'linear', 'both', '0', 0.0, '0', 0.0);
INSERT INTO `cv_functionallocation` (id, functionalLocationType, applicationDirection, lateralSide, lateralDistance, verticalSide, verticalDistance) VALUES ('5c476edf-caf6-4482-95da-6df88ea1c1f9', 'spot', 'both', '0', 0.0, '0', 0.0);
INSERT INTO `cv_functionallocation` (id, functionalLocationType, applicationDirection, lateralSide, lateralDistance, verticalSide, verticalDistance) VALUES ('63326cb3-6b55-48bd-84dc-462f3f959e08', 'linear', 'both', '0', 0.0, '0', 0.0);
INSERT INTO `cv_functionallocation` (id, functionalLocationType, applicationDirection, lateralSide, lateralDistance, verticalSide, verticalDistance) VALUES ('65f773bf-5482-4ce8-bac7-326b7c4f06d3', 'spot', 'both', '0', 0.0, '0', 0.0);
INSERT INTO `cv_functionallocation` (id, functionalLocationType, applicationDirection, lateralSide, lateralDistance, verticalSide, verticalDistance) VALUES ('6bd5a39b-6ec6-4be0-ae3d-0842efceb640', 'linear', 'normal', '0', 0.0, '0', 0.0);
INSERT INTO `cv_functionallocation` (id, functionalLocationType, applicationDirection, lateralSide, lateralDistance, verticalSide, verticalDistance) VALUES ('8317a7fb-7dd0-4a9f-8cc5-57332d4ab490', 'spot', 'both', '0', 0.0, '0', 0.0);
INSERT INTO `cv_functionallocation` (id, functionalLocationType, applicationDirection, lateralSide, lateralDistance, verticalSide, verticalDistance) VALUES ('9d156751-9d2c-46d2-9cff-fb656f62a8fe', 'linear', 'both', '0', 0.0, '0', 0.0);
INSERT INTO `cv_functionallocation` (id, functionalLocationType, applicationDirection, lateralSide, lateralDistance, verticalSide, verticalDistance) VALUES ('b1f09257-4bc5-40a4-8bd5-30c3de972846', 'spot', 'both', '0', 0.0, '0', 0.0);
INSERT INTO `cv_functionallocation` (id, functionalLocationType, applicationDirection, lateralSide, lateralDistance, verticalSide, verticalDistance) VALUES ('c866d469-20b8-4ca3-a94b-20275b8d0648', 'spot', 'both', '0', 0.0, '0', 0.0);
INSERT INTO `cv_functionallocation` (id, functionalLocationType, applicationDirection, lateralSide, lateralDistance, verticalSide, verticalDistance) VALUES ('ceadece9-0eb0-48db-adf2-5d3b235720ab', 'spot', 'both', '0', 0.0, '0', 0.0);
INSERT INTO `cv_functionallocation` (id, functionalLocationType, applicationDirection, lateralSide, lateralDistance, verticalSide, verticalDistance) VALUES ('d494e868-a674-4bcc-882c-1fdee011675c', 'linear', 'both', '0', 0.0, '0', 0.0);
INSERT INTO `cv_functionallocation` (id, functionalLocationType, applicationDirection, lateralSide, lateralDistance, verticalSide, verticalDistance) VALUES ('dccda469-f4fe-463e-8f8d-524ffffc586f', 'spot', 'both', '0', 0.0, '0', 0.0);
INSERT INTO `cv_functionallocation` (id, functionalLocationType, applicationDirection, lateralSide, lateralDistance, verticalSide, verticalDistance) VALUES ('dcf3609a-cead-4e12-b073-19a252dd94cf', 'linear', 'both', '0', 0.0, '0', 0.0);
INSERT INTO `cv_functionallocation` (id, functionalLocationType, applicationDirection, lateralSide, lateralDistance, verticalSide, verticalDistance) VALUES ('f72c00f1-145e-4bd7-a1a2-1809342fda5a', 'spot', 'both', '0', 0.0, '0', 0.0);
INSERT INTO `cv_functionallocation` (id, functionalLocationType, applicationDirection, lateralSide, lateralDistance, verticalSide, verticalDistance) VALUES ('f7527116-3c1b-4e07-a8e9-658a353ec16c', 'linear', 'both', '0', 0.0, '0', 0.0);
DELETE FROM `cv_generaltype`;
DELETE FROM `cv_geometricpositioningsystem`;
INSERT INTO `cv_geometricpositioningsystem` (id, name, longname, crsDefinition) VALUES ('58af1adc-c998-43c3-9671-73a0cc42984a', 'PGeoPS_1', 'Geometrický_souøadnicový_systém', 'RhinoCRS');
DELETE FROM `cv_geometryentity`;
INSERT INTO `cv_geometryentity` (id, name, longname, id_NetEntity_Template, derivationRule) VALUES ('1ae78cd6-7951-42ca-9b4c-2eda61c8b3f3', 'XGStHC_1', 'Zkušební pøímá', '', '');
INSERT INTO `cv_geometryentity` (id, name, longname, id_NetEntity_Template, derivationRule) VALUES ('259085ea-b8a8-4b7e-95e2-2e2a633a11e8', 'XGStVC_4', 'Klesání 1', '', '');
INSERT INTO `cv_geometryentity` (id, name, longname, id_NetEntity_Template, derivationRule) VALUES ('2f916a50-f0b2-4a5e-81bb-7a689d7207f7', 'XGStVC_5', 'Stoupání 2', '', '');
INSERT INTO `cv_geometryentity` (id, name, longname, id_NetEntity_Template, derivationRule) VALUES ('920afcc4-7ceb-4eb9-96a3-5c146b48946e', 'XGStVC_2', 'Stoupání 1', '', '');
INSERT INTO `cv_geometryentity` (id, name, longname, id_NetEntity_Template, derivationRule) VALUES ('f30ea11d-2467-4dc4-bfeb-c82b3df5df3b', 'XGStVC_1', 'Vodorovný úsek 1', '', '');
INSERT INTO `cv_geometryentity` (id, name, longname, id_NetEntity_Template, derivationRule) VALUES ('f786090f-654b-4785-a13b-c2926dfe038e', 'XGStVC_3', 'Vodorovný úsek 2', '', '');
INSERT INTO `cv_geometryentity` (id, name, longname, id_NetEntity_Template, derivationRule) VALUES ('f8f7716a-54c3-4945-ba4a-c5a1753802e2', 'XGStVC_6', 'Vodorovný úsek 3', '', '');
DELETE FROM `cv_horizontalcurve`;
INSERT INTO `cv_horizontalcurve` (id, name, longname, id_NetEntity_Template, derivationRule, azimuth0, deltaAzimuth) VALUES ('1ae78cd6-7951-42ca-9b4c-2eda61c8b3f3', 'XGStHC_1', 'Zkušební pøímá', '', '', 90.0, 0.0);
DELETE FROM `cv_impedancetransformer`;
DELETE FROM `cv_indicatortype`;
DELETE FROM `cv_insulatedrailjoint`;
DELETE FROM `cv_labeltype`;
DELETE FROM `cv_levelnetwork`;
INSERT INTO `cv_levelnetwork` (id, descriptionLevel, representation) VALUES ('400ff05d-6e67-441f-ad05-09fb90176c75', 'micro', '2D');
INSERT INTO `cv_levelnetwork` (id, descriptionLevel, representation) VALUES ('4a471d80-3559-46d9-b39c-1ec5ab4d6703', 'micro', '3D');
DELETE FROM `cv_levelresourceassignment`;
INSERT INTO `cv_levelresourceassignment` (id_NetworkResource, id_LevelNetwork) VALUES ('0e6cec43-1bb4-4e24-a0b0-8d1e45785962', '400ff05d-6e67-441f-ad05-09fb90176c75');
INSERT INTO `cv_levelresourceassignment` (id_NetworkResource, id_LevelNetwork) VALUES ('12a9fbaa-a938-4b7b-b8cd-021654ae15ad', '400ff05d-6e67-441f-ad05-09fb90176c75');
INSERT INTO `cv_levelresourceassignment` (id_NetworkResource, id_LevelNetwork) VALUES ('14b894cb-72f6-45da-b22b-168e3d6ba1f5', '400ff05d-6e67-441f-ad05-09fb90176c75');
INSERT INTO `cv_levelresourceassignment` (id_NetworkResource, id_LevelNetwork) VALUES ('15b164e0-fc91-47de-952d-a68fe7c50ba9', '400ff05d-6e67-441f-ad05-09fb90176c75');
INSERT INTO `cv_levelresourceassignment` (id_NetworkResource, id_LevelNetwork) VALUES ('1ae78cd6-7951-42ca-9b4c-2eda61c8b3f3', '400ff05d-6e67-441f-ad05-09fb90176c75');
INSERT INTO `cv_levelresourceassignment` (id_NetworkResource, id_LevelNetwork) VALUES ('259085ea-b8a8-4b7e-95e2-2e2a633a11e8', '400ff05d-6e67-441f-ad05-09fb90176c75');
INSERT INTO `cv_levelresourceassignment` (id_NetworkResource, id_LevelNetwork) VALUES ('2f916a50-f0b2-4a5e-81bb-7a689d7207f7', '400ff05d-6e67-441f-ad05-09fb90176c75');
INSERT INTO `cv_levelresourceassignment` (id_NetworkResource, id_LevelNetwork) VALUES ('33fee6ba-08dd-4215-8370-375cd90f60e5', '400ff05d-6e67-441f-ad05-09fb90176c75');
INSERT INTO `cv_levelresourceassignment` (id_NetworkResource, id_LevelNetwork) VALUES ('3ad943ed-1e60-40d4-80d2-0181bc9b712b', '400ff05d-6e67-441f-ad05-09fb90176c75');
INSERT INTO `cv_levelresourceassignment` (id_NetworkResource, id_LevelNetwork) VALUES ('4b9e9aea-130a-4e52-a299-31f6bddc7627', '400ff05d-6e67-441f-ad05-09fb90176c75');
INSERT INTO `cv_levelresourceassignment` (id_NetworkResource, id_LevelNetwork) VALUES ('57cb1234-4d6a-4b52-a458-c40774e6fefe', '400ff05d-6e67-441f-ad05-09fb90176c75');
INSERT INTO `cv_levelresourceassignment` (id_NetworkResource, id_LevelNetwork) VALUES ('887a1848-5937-41db-a953-df5034273cad', '400ff05d-6e67-441f-ad05-09fb90176c75');
INSERT INTO `cv_levelresourceassignment` (id_NetworkResource, id_LevelNetwork) VALUES ('88a94592-853b-4010-b73b-8e0f722b021f', '400ff05d-6e67-441f-ad05-09fb90176c75');
INSERT INTO `cv_levelresourceassignment` (id_NetworkResource, id_LevelNetwork) VALUES ('8ecfe2fe-701c-4b4c-9cc8-b9d80e149726', '400ff05d-6e67-441f-ad05-09fb90176c75');
INSERT INTO `cv_levelresourceassignment` (id_NetworkResource, id_LevelNetwork) VALUES ('8fd4275c-ad38-4af0-ad9f-5c11bbc701f0', '400ff05d-6e67-441f-ad05-09fb90176c75');
INSERT INTO `cv_levelresourceassignment` (id_NetworkResource, id_LevelNetwork) VALUES ('920afcc4-7ceb-4eb9-96a3-5c146b48946e', '400ff05d-6e67-441f-ad05-09fb90176c75');
INSERT INTO `cv_levelresourceassignment` (id_NetworkResource, id_LevelNetwork) VALUES ('9f5aea90-d268-466e-8b9c-032c4183a8d3', '400ff05d-6e67-441f-ad05-09fb90176c75');
INSERT INTO `cv_levelresourceassignment` (id_NetworkResource, id_LevelNetwork) VALUES ('a0ed63cd-08ce-4386-b7f6-91028e2a00b2', '400ff05d-6e67-441f-ad05-09fb90176c75');
INSERT INTO `cv_levelresourceassignment` (id_NetworkResource, id_LevelNetwork) VALUES ('a44e105a-2bcc-4071-ae65-41c1c7a554a5', '400ff05d-6e67-441f-ad05-09fb90176c75');
INSERT INTO `cv_levelresourceassignment` (id_NetworkResource, id_LevelNetwork) VALUES ('a7bcf251-31d9-4ad1-84a3-8f78414d14bc', '400ff05d-6e67-441f-ad05-09fb90176c75');
INSERT INTO `cv_levelresourceassignment` (id_NetworkResource, id_LevelNetwork) VALUES ('b03701dd-6d73-4e04-bc9d-f75c5fab068e', '400ff05d-6e67-441f-ad05-09fb90176c75');
INSERT INTO `cv_levelresourceassignment` (id_NetworkResource, id_LevelNetwork) VALUES ('cb79cd85-bf6d-4721-92cf-e831cc1b9fbe', '400ff05d-6e67-441f-ad05-09fb90176c75');
INSERT INTO `cv_levelresourceassignment` (id_NetworkResource, id_LevelNetwork) VALUES ('d87311d1-6618-4c4f-87e3-79a4b9467dfc', '400ff05d-6e67-441f-ad05-09fb90176c75');
INSERT INTO `cv_levelresourceassignment` (id_NetworkResource, id_LevelNetwork) VALUES ('e27b2e79-8fbe-417c-a389-a20d34348580', '400ff05d-6e67-441f-ad05-09fb90176c75');
INSERT INTO `cv_levelresourceassignment` (id_NetworkResource, id_LevelNetwork) VALUES ('e48942cd-f01c-4c2c-998a-4d7d8e8ac354', '400ff05d-6e67-441f-ad05-09fb90176c75');
INSERT INTO `cv_levelresourceassignment` (id_NetworkResource, id_LevelNetwork) VALUES ('e59b6695-e707-478f-b58e-8138c950fa96', '400ff05d-6e67-441f-ad05-09fb90176c75');
INSERT INTO `cv_levelresourceassignment` (id_NetworkResource, id_LevelNetwork) VALUES ('f30ea11d-2467-4dc4-bfeb-c82b3df5df3b', '400ff05d-6e67-441f-ad05-09fb90176c75');
INSERT INTO `cv_levelresourceassignment` (id_NetworkResource, id_LevelNetwork) VALUES ('f786090f-654b-4785-a13b-c2926dfe038e', '400ff05d-6e67-441f-ad05-09fb90176c75');
INSERT INTO `cv_levelresourceassignment` (id_NetworkResource, id_LevelNetwork) VALUES ('f8f7716a-54c3-4945-ba4a-c5a1753802e2', '400ff05d-6e67-441f-ad05-09fb90176c75');
INSERT INTO `cv_levelresourceassignment` (id_NetworkResource, id_LevelNetwork) VALUES ('fde33595-b45e-49df-84f6-e3225cffe7f8', '400ff05d-6e67-441f-ad05-09fb90176c75');
DELETE FROM `cv_lighttype`;
DELETE FROM `cv_linearanchorpoint`;
DELETE FROM `cv_linearelement`;
INSERT INTO `cv_linearelement` (id, name, longname, length) VALUES ('9f5aea90-d268-466e-8b9c-032c4183a8d3', 'TLinEl_1', 'Zkušební úsek', 10000.0);
DELETE FROM `cv_linearpositioningsystem`;
DELETE FROM `cv_linearsuperelevationramp`;
DELETE FROM `cv_locatednetentity`;
INSERT INTO `cv_locatednetentity` (id, name, longname, id_EntityLocation_Primary) VALUES ('14b894cb-72f6-45da-b22b-168e3d6ba1f5', 'XPBlse_10', 'Balíza 5-2', '08c1efb0-603f-4322-ab54-336d072c3463');
INSERT INTO `cv_locatednetentity` (id, name, longname, id_EntityLocation_Primary) VALUES ('d87311d1-6618-4c4f-87e3-79a4b9467dfc', 'XPBlse_5', 'Balíza 3-1', '12d30e44-12d8-44fe-b8fd-535027a6d50c');
INSERT INTO `cv_locatednetentity` (id, name, longname, id_EntityLocation_Primary) VALUES ('a0ed63cd-08ce-4386-b7f6-91028e2a00b2', 'XPBlse_7', 'Balíza 4-1', '187de3a6-a988-45df-8527-c8cbfbb0829e');
INSERT INTO `cv_locatednetentity` (id, name, longname, id_EntityLocation_Primary) VALUES ('259085ea-b8a8-4b7e-95e2-2e2a633a11e8', 'XGStVC_4', 'Klesání 1', '21e2fed0-5c8b-48e6-8378-cee47ba74c6a');
INSERT INTO `cv_locatednetentity` (id, name, longname, id_EntityLocation_Primary) VALUES ('33fee6ba-08dd-4215-8370-375cd90f60e5', 'XPBlse_2', 'Balíza 1-2', '357b97d0-4372-4fb0-b88a-34bd134cc3c0');
INSERT INTO `cv_locatednetentity` (id, name, longname, id_EntityLocation_Primary) VALUES ('57cb1234-4d6a-4b52-a458-c40774e6fefe', 'XPBlse_3', 'Balíza 2-1', '38ea7202-070c-4c40-910d-8e95799f123f');
INSERT INTO `cv_locatednetentity` (id, name, longname, id_EntityLocation_Primary) VALUES ('e59b6695-e707-478f-b58e-8138c950fa96', 'XPBlse_6', 'Balíza 3-2', '4e015053-7a61-44b7-a025-f2f317667e92');
INSERT INTO `cv_locatednetentity` (id, name, longname, id_EntityLocation_Primary) VALUES ('920afcc4-7ceb-4eb9-96a3-5c146b48946e', 'XGStVC_2', 'Stoupání 1', '52bd816e-0ab2-4826-95b4-f7cc369a6716');
INSERT INTO `cv_locatednetentity` (id, name, longname, id_EntityLocation_Primary) VALUES ('0e6cec43-1bb4-4e24-a0b0-8d1e45785962', 'XPBlse_14', 'Balíza 7-2', '5c476edf-caf6-4482-95da-6df88ea1c1f9');
INSERT INTO `cv_locatednetentity` (id, name, longname, id_EntityLocation_Primary) VALUES ('f786090f-654b-4785-a13b-c2926dfe038e', 'XGStVC_3', 'Vodorovný úsek 2', '63326cb3-6b55-48bd-84dc-462f3f959e08');
INSERT INTO `cv_locatednetentity` (id, name, longname, id_EntityLocation_Primary) VALUES ('88a94592-853b-4010-b73b-8e0f722b021f', 'XPBlse_13', 'Balíza 7-1', '65f773bf-5482-4ce8-bac7-326b7c4f06d3');
INSERT INTO `cv_locatednetentity` (id, name, longname, id_EntityLocation_Primary) VALUES ('1ae78cd6-7951-42ca-9b4c-2eda61c8b3f3', 'XGStHC_1', 'Zkušební pøímá', '6bd5a39b-6ec6-4be0-ae3d-0842efceb640');
INSERT INTO `cv_locatednetentity` (id, name, longname, id_EntityLocation_Primary) VALUES ('e48942cd-f01c-4c2c-998a-4d7d8e8ac354', 'XPBlse_8', 'Balíza 4-2', '8317a7fb-7dd0-4a9f-8cc5-57332d4ab490');
INSERT INTO `cv_locatednetentity` (id, name, longname, id_EntityLocation_Primary) VALUES ('2f916a50-f0b2-4a5e-81bb-7a689d7207f7', 'XGStVC_5', 'Stoupání 2', '9d156751-9d2c-46d2-9cff-fb656f62a8fe');
INSERT INTO `cv_locatednetentity` (id, name, longname, id_EntityLocation_Primary) VALUES ('e27b2e79-8fbe-417c-a389-a20d34348580', 'XPBlse_11', 'Balíza 6-1', 'b1f09257-4bc5-40a4-8bd5-30c3de972846');
INSERT INTO `cv_locatednetentity` (id, name, longname, id_EntityLocation_Primary) VALUES ('4b9e9aea-130a-4e52-a299-31f6bddc7627', 'XPBlse_12', 'Balíza 6-2', 'c866d469-20b8-4ca3-a94b-20275b8d0648');
INSERT INTO `cv_locatednetentity` (id, name, longname, id_EntityLocation_Primary) VALUES ('b03701dd-6d73-4e04-bc9d-f75c5fab068e', 'XPBlse_9', 'Balíza 5-1', 'ceadece9-0eb0-48db-adf2-5d3b235720ab');
INSERT INTO `cv_locatednetentity` (id, name, longname, id_EntityLocation_Primary) VALUES ('f30ea11d-2467-4dc4-bfeb-c82b3df5df3b', 'XGStVC_1', 'Vodorovný úsek 1', 'd494e868-a674-4bcc-882c-1fdee011675c');
INSERT INTO `cv_locatednetentity` (id, name, longname, id_EntityLocation_Primary) VALUES ('15b164e0-fc91-47de-952d-a68fe7c50ba9', 'XPBlse_4', 'Balíza 2-2', 'dccda469-f4fe-463e-8f8d-524ffffc586f');
INSERT INTO `cv_locatednetentity` (id, name, longname, id_EntityLocation_Primary) VALUES ('887a1848-5937-41db-a953-df5034273cad', 'XOSpSc_1', 'Úsek rychlosti 1', 'dcf3609a-cead-4e12-b073-19a252dd94cf');
INSERT INTO `cv_locatednetentity` (id, name, longname, id_EntityLocation_Primary) VALUES ('8fd4275c-ad38-4af0-ad9f-5c11bbc701f0', 'XPBlse_1', 'Balíza 1-1', 'f72c00f1-145e-4bd7-a1a2-1809342fda5a');
INSERT INTO `cv_locatednetentity` (id, name, longname, id_EntityLocation_Primary) VALUES ('f8f7716a-54c3-4945-ba4a-c5a1753802e2', 'XGStVC_6', 'Vodorovný úsek 3', 'f7527116-3c1b-4e07-a8e9-658a353ec16c');
DELETE FROM `cv_locationfeatureassignment`;
INSERT INTO `cv_locationfeatureassignment` (id_AssociatedFeature, id_FunctionalLocation, sequence, keepsOrientation) VALUES ('06dd95d1-0cb2-424a-896e-be7bdf841eb1', 'f72c00f1-145e-4bd7-a1a2-1809342fda5a', 1, '1');
INSERT INTO `cv_locationfeatureassignment` (id_AssociatedFeature, id_FunctionalLocation, sequence, keepsOrientation) VALUES ('08fa2f1f-21af-4e2b-9774-f6ea33e82eb2', '357b97d0-4372-4fb0-b88a-34bd134cc3c0', 1, '1');
INSERT INTO `cv_locationfeatureassignment` (id_AssociatedFeature, id_FunctionalLocation, sequence, keepsOrientation) VALUES ('16574645-e2a3-414e-b92f-8aa3172372a9', '21e2fed0-5c8b-48e6-8378-cee47ba74c6a', 1, '1');
INSERT INTO `cv_locationfeatureassignment` (id_AssociatedFeature, id_FunctionalLocation, sequence, keepsOrientation) VALUES ('1852e479-224d-4100-89eb-c0ce0dd9ae81', 'ceadece9-0eb0-48db-adf2-5d3b235720ab', 1, '1');
INSERT INTO `cv_locationfeatureassignment` (id_AssociatedFeature, id_FunctionalLocation, sequence, keepsOrientation) VALUES ('1d966e87-9696-4da3-811b-ac1d61c977a4', '38ea7202-070c-4c40-910d-8e95799f123f', 1, '1');
INSERT INTO `cv_locationfeatureassignment` (id_AssociatedFeature, id_FunctionalLocation, sequence, keepsOrientation) VALUES ('35f32f64-e725-4fcd-86f8-ccdedeac93e2', 'dccda469-f4fe-463e-8f8d-524ffffc586f', 1, '1');
INSERT INTO `cv_locationfeatureassignment` (id_AssociatedFeature, id_FunctionalLocation, sequence, keepsOrientation) VALUES ('37f120a5-a43e-413b-bf16-3c544b66dc68', '65f773bf-5482-4ce8-bac7-326b7c4f06d3', 1, '1');
INSERT INTO `cv_locationfeatureassignment` (id_AssociatedFeature, id_FunctionalLocation, sequence, keepsOrientation) VALUES ('477665e4-ee8c-42ad-b478-4f25d506bdd2', '5c476edf-caf6-4482-95da-6df88ea1c1f9', 1, '1');
INSERT INTO `cv_locationfeatureassignment` (id_AssociatedFeature, id_FunctionalLocation, sequence, keepsOrientation) VALUES ('53158710-2d5f-4528-ba5a-14b8f4b75912', '8317a7fb-7dd0-4a9f-8cc5-57332d4ab490', 1, '1');
INSERT INTO `cv_locationfeatureassignment` (id_AssociatedFeature, id_FunctionalLocation, sequence, keepsOrientation) VALUES ('87c94410-1739-45d3-8527-f70a5ef21d22', '6bd5a39b-6ec6-4be0-ae3d-0842efceb640', 1, '1');
INSERT INTO `cv_locationfeatureassignment` (id_AssociatedFeature, id_FunctionalLocation, sequence, keepsOrientation) VALUES ('87c94410-1739-45d3-8527-f70a5ef21d22', 'dcf3609a-cead-4e12-b073-19a252dd94cf', 1, '1');
INSERT INTO `cv_locationfeatureassignment` (id_AssociatedFeature, id_FunctionalLocation, sequence, keepsOrientation) VALUES ('a34cd767-7834-416f-9323-b4f61bad9249', '08c1efb0-603f-4322-ab54-336d072c3463', 1, '1');
INSERT INTO `cv_locationfeatureassignment` (id_AssociatedFeature, id_FunctionalLocation, sequence, keepsOrientation) VALUES ('a43be22d-1219-4aa9-8419-970c595f6620', 'd494e868-a674-4bcc-882c-1fdee011675c', 1, '1');
INSERT INTO `cv_locationfeatureassignment` (id_AssociatedFeature, id_FunctionalLocation, sequence, keepsOrientation) VALUES ('a4b1217c-4d19-4157-86cd-7d0ec8c892b3', '63326cb3-6b55-48bd-84dc-462f3f959e08', 1, '1');
INSERT INTO `cv_locationfeatureassignment` (id_AssociatedFeature, id_FunctionalLocation, sequence, keepsOrientation) VALUES ('b3dbd7fa-3c0b-43e4-8078-1c05af08f96a', '187de3a6-a988-45df-8527-c8cbfbb0829e', 1, '1');
INSERT INTO `cv_locationfeatureassignment` (id_AssociatedFeature, id_FunctionalLocation, sequence, keepsOrientation) VALUES ('be79a172-2796-45ef-af58-55b534064194', 'c866d469-20b8-4ca3-a94b-20275b8d0648', 1, '1');
INSERT INTO `cv_locationfeatureassignment` (id_AssociatedFeature, id_FunctionalLocation, sequence, keepsOrientation) VALUES ('d1004a49-b10f-4d6c-8ad5-cfa5bbe7ea78', '4e015053-7a61-44b7-a025-f2f317667e92', 1, '1');
INSERT INTO `cv_locationfeatureassignment` (id_AssociatedFeature, id_FunctionalLocation, sequence, keepsOrientation) VALUES ('e61cdaec-346d-4332-8338-3b1ff47c5162', 'f7527116-3c1b-4e07-a8e9-658a353ec16c', 1, '1');
INSERT INTO `cv_locationfeatureassignment` (id_AssociatedFeature, id_FunctionalLocation, sequence, keepsOrientation) VALUES ('f450a176-8304-43be-99d1-94889e684a7b', 'b1f09257-4bc5-40a4-8bd5-30c3de972846', 1, '1');
INSERT INTO `cv_locationfeatureassignment` (id_AssociatedFeature, id_FunctionalLocation, sequence, keepsOrientation) VALUES ('f492195c-f591-4903-9992-e60ed04923fd', '52bd816e-0ab2-4826-95b4-f7cc369a6716', 1, '1');
INSERT INTO `cv_locationfeatureassignment` (id_AssociatedFeature, id_FunctionalLocation, sequence, keepsOrientation) VALUES ('f9ff8eff-312b-403c-b9e2-7a70a3f06313', '9d156751-9d2c-46d2-9cff-fb656f62a8fe', 1, '1');
INSERT INTO `cv_locationfeatureassignment` (id_AssociatedFeature, id_FunctionalLocation, sequence, keepsOrientation) VALUES ('fc6c5401-288e-4585-bc7f-909d7a0224e4', '12d30e44-12d8-44fe-b8fd-535027a6d50c', 1, '1');
DELETE FROM `cv_modularentity`;
INSERT INTO `cv_modularentity` (id, name, longname, id_NetEntity_Template, derivationRule) VALUES ('0e6cec43-1bb4-4e24-a0b0-8d1e45785962', 'XPBlse_14', 'Balíza 7-2', '', '');
INSERT INTO `cv_modularentity` (id, name, longname, id_NetEntity_Template, derivationRule) VALUES ('12a9fbaa-a938-4b7b-b8cd-021654ae15ad', 'XPBaGr_2', 'Balízová skupina 2', '', '');
INSERT INTO `cv_modularentity` (id, name, longname, id_NetEntity_Template, derivationRule) VALUES ('14b894cb-72f6-45da-b22b-168e3d6ba1f5', 'XPBlse_10', 'Balíza 5-2', '', '');
INSERT INTO `cv_modularentity` (id, name, longname, id_NetEntity_Template, derivationRule) VALUES ('15b164e0-fc91-47de-952d-a68fe7c50ba9', 'XPBlse_4', 'Balíza 2-2', '', '');
INSERT INTO `cv_modularentity` (id, name, longname, id_NetEntity_Template, derivationRule) VALUES ('33fee6ba-08dd-4215-8370-375cd90f60e5', 'XPBlse_2', 'Balíza 1-2', '', '');
INSERT INTO `cv_modularentity` (id, name, longname, id_NetEntity_Template, derivationRule) VALUES ('3ad943ed-1e60-40d4-80d2-0181bc9b712b', 'XPBaGr_3', 'Balízová skupina 3', '', '');
INSERT INTO `cv_modularentity` (id, name, longname, id_NetEntity_Template, derivationRule) VALUES ('4b9e9aea-130a-4e52-a299-31f6bddc7627', 'XPBlse_12', 'Balíza 6-2', '', '');
INSERT INTO `cv_modularentity` (id, name, longname, id_NetEntity_Template, derivationRule) VALUES ('57cb1234-4d6a-4b52-a458-c40774e6fefe', 'XPBlse_3', 'Balíza 2-1', '', '');
INSERT INTO `cv_modularentity` (id, name, longname, id_NetEntity_Template, derivationRule) VALUES ('887a1848-5937-41db-a953-df5034273cad', 'XOSpSc_1', 'Úsek rychlosti 1', '', '');
INSERT INTO `cv_modularentity` (id, name, longname, id_NetEntity_Template, derivationRule) VALUES ('88a94592-853b-4010-b73b-8e0f722b021f', 'XPBlse_13', 'Balíza 7-1', '', '');
INSERT INTO `cv_modularentity` (id, name, longname, id_NetEntity_Template, derivationRule) VALUES ('8ecfe2fe-701c-4b4c-9cc8-b9d80e149726', 'XPBaGr_4', 'Balízová skupina 4', '', '');
INSERT INTO `cv_modularentity` (id, name, longname, id_NetEntity_Template, derivationRule) VALUES ('8fd4275c-ad38-4af0-ad9f-5c11bbc701f0', 'XPBlse_1', 'Balíza 1-1', '', '');
INSERT INTO `cv_modularentity` (id, name, longname, id_NetEntity_Template, derivationRule) VALUES ('a0ed63cd-08ce-4386-b7f6-91028e2a00b2', 'XPBlse_7', 'Balíza 4-1', '', '');
INSERT INTO `cv_modularentity` (id, name, longname, id_NetEntity_Template, derivationRule) VALUES ('a44e105a-2bcc-4071-ae65-41c1c7a554a5', 'XPBaGr_7', 'Balízová skupina 7', '', '');
INSERT INTO `cv_modularentity` (id, name, longname, id_NetEntity_Template, derivationRule) VALUES ('a7bcf251-31d9-4ad1-84a3-8f78414d14bc', 'XPBaGr_6', 'Balízová skupina 6', '', '');
INSERT INTO `cv_modularentity` (id, name, longname, id_NetEntity_Template, derivationRule) VALUES ('b03701dd-6d73-4e04-bc9d-f75c5fab068e', 'XPBlse_9', 'Balíza 5-1', '', '');
INSERT INTO `cv_modularentity` (id, name, longname, id_NetEntity_Template, derivationRule) VALUES ('cb79cd85-bf6d-4721-92cf-e831cc1b9fbe', 'XPBaGr_5', 'Balízová skupina 5', '', '');
INSERT INTO `cv_modularentity` (id, name, longname, id_NetEntity_Template, derivationRule) VALUES ('d87311d1-6618-4c4f-87e3-79a4b9467dfc', 'XPBlse_5', 'Balíza 3-1', '', '');
INSERT INTO `cv_modularentity` (id, name, longname, id_NetEntity_Template, derivationRule) VALUES ('e27b2e79-8fbe-417c-a389-a20d34348580', 'XPBlse_11', 'Balíza 6-1', '', '');
INSERT INTO `cv_modularentity` (id, name, longname, id_NetEntity_Template, derivationRule) VALUES ('e48942cd-f01c-4c2c-998a-4d7d8e8ac354', 'XPBlse_8', 'Balíza 4-2', '', '');
INSERT INTO `cv_modularentity` (id, name, longname, id_NetEntity_Template, derivationRule) VALUES ('e59b6695-e707-478f-b58e-8138c950fa96', 'XPBlse_6', 'Balíza 3-2', '', '');
INSERT INTO `cv_modularentity` (id, name, longname, id_NetEntity_Template, derivationRule) VALUES ('fde33595-b45e-49df-84f6-e3225cffe7f8', 'XPBaGr_1', 'Balízová skupina 1', '', '');
DELETE FROM `cv_modularentitytype`;
DELETE FROM `cv_namedresource`;
INSERT INTO `cv_namedresource` (id, name, longname) VALUES ('06dd95d1-0cb2-424a-896e-be7bdf841eb1', 'PAssPt_8', 'Bod lokalizace balízy 1-1');
INSERT INTO `cv_namedresource` (id, name, longname) VALUES ('08fa2f1f-21af-4e2b-9774-f6ea33e82eb2', 'PAssPt_9', 'Bod pro lokalizaci balízy 1-2');
INSERT INTO `cv_namedresource` (id, name, longname) VALUES ('0e6cec43-1bb4-4e24-a0b0-8d1e45785962', 'XPBlse_14', 'Balíza 7-2');
INSERT INTO `cv_namedresource` (id, name, longname) VALUES ('0e8c2da9-4c1c-4703-8367-2d5769bd3672', 'PAssPt_1', 'Zaèátek zkušebního úseku');
INSERT INTO `cv_namedresource` (id, name, longname) VALUES ('12a9fbaa-a938-4b7b-b8cd-021654ae15ad', 'XPBaGr_2', 'Balízová skupina 2');
INSERT INTO `cv_namedresource` (id, name, longname) VALUES ('14b894cb-72f6-45da-b22b-168e3d6ba1f5', 'XPBlse_10', 'Balíza 5-2');
INSERT INTO `cv_namedresource` (id, name, longname) VALUES ('15b164e0-fc91-47de-952d-a68fe7c50ba9', 'XPBlse_4', 'Balíza 2-2');
INSERT INTO `cv_namedresource` (id, name, longname) VALUES ('16574645-e2a3-414e-b92f-8aa3172372a9', 'PAssSg_5', 'Segment pro lokalizaci klesání 1');
INSERT INTO `cv_namedresource` (id, name, longname) VALUES ('1852e479-224d-4100-89eb-c0ce0dd9ae81', 'PAssPt_16', 'Bod pro lokalizaci balízy 5-1');
INSERT INTO `cv_namedresource` (id, name, longname) VALUES ('1ae78cd6-7951-42ca-9b4c-2eda61c8b3f3', 'XGStHC_1', 'Zkušební pøímá');
INSERT INTO `cv_namedresource` (id, name, longname) VALUES ('1d966e87-9696-4da3-811b-ac1d61c977a4', 'PAssPt_10', 'Bod pro lokalizaci balízy 2-1');
INSERT INTO `cv_namedresource` (id, name, longname) VALUES ('259085ea-b8a8-4b7e-95e2-2e2a633a11e8', 'XGStVC_4', 'Klesání 1');
INSERT INTO `cv_namedresource` (id, name, longname) VALUES ('2f916a50-f0b2-4a5e-81bb-7a689d7207f7', 'XGStVC_5', 'Stoupání 2');
INSERT INTO `cv_namedresource` (id, name, longname) VALUES ('33fee6ba-08dd-4215-8370-375cd90f60e5', 'XPBlse_2', 'Balíza 1-2');
INSERT INTO `cv_namedresource` (id, name, longname) VALUES ('35f32f64-e725-4fcd-86f8-ccdedeac93e2', 'PAssPt_11', 'Bod pro lokalizaci balízy 2-2');
INSERT INTO `cv_namedresource` (id, name, longname) VALUES ('37f120a5-a43e-413b-bf16-3c544b66dc68', 'PAssPt_20', 'Bod pro lokalizaci balízy 7-1');
INSERT INTO `cv_namedresource` (id, name, longname) VALUES ('3ad943ed-1e60-40d4-80d2-0181bc9b712b', 'XPBaGr_3', 'Balízová skupina 3');
INSERT INTO `cv_namedresource` (id, name, longname) VALUES ('3e1a8de4-23ca-4af4-9bc8-37c144f56018', 'NNetwk_1', 'Zkušební sí');
INSERT INTO `cv_namedresource` (id, name, longname) VALUES ('477665e4-ee8c-42ad-b478-4f25d506bdd2', 'PAssPt_21', 'Bod pro lokalizaci balízy 7-2');
INSERT INTO `cv_namedresource` (id, name, longname) VALUES ('4b9e9aea-130a-4e52-a299-31f6bddc7627', 'XPBlse_12', 'Balíza 6-2');
INSERT INTO `cv_namedresource` (id, name, longname) VALUES ('53158710-2d5f-4528-ba5a-14b8f4b75912', 'PAssPt_15', 'Bod pro lokalizaci balízy 4-2');
INSERT INTO `cv_namedresource` (id, name, longname) VALUES ('57c783f2-a5f8-456a-99fe-53909e02b16a', 'PAssPt_4', 'Bod zmìny sklonu 2');
INSERT INTO `cv_namedresource` (id, name, longname) VALUES ('57cb1234-4d6a-4b52-a458-c40774e6fefe', 'XPBlse_3', 'Balíza 2-1');
INSERT INTO `cv_namedresource` (id, name, longname) VALUES ('58af1adc-c998-43c3-9671-73a0cc42984a', 'PGeoPS_1', 'Geometrický_souøadnicový_systém');
INSERT INTO `cv_namedresource` (id, name, longname) VALUES ('83d26459-a915-4307-8030-e916ae0dc15a', 'PAssPt_7', 'Bod zmìny sklonu 5');
INSERT INTO `cv_namedresource` (id, name, longname) VALUES ('87c94410-1739-45d3-8527-f70a5ef21d22', 'PAssSg_1', 'Segment pro lokalizaci zkušební pøímé');
INSERT INTO `cv_namedresource` (id, name, longname) VALUES ('887a1848-5937-41db-a953-df5034273cad', 'XOSpSc_1', 'Úsek rychlosti 1');
INSERT INTO `cv_namedresource` (id, name, longname) VALUES ('88a94592-853b-4010-b73b-8e0f722b021f', 'XPBlse_13', 'Balíza 7-1');
INSERT INTO `cv_namedresource` (id, name, longname) VALUES ('8ecfe2fe-701c-4b4c-9cc8-b9d80e149726', 'XPBaGr_4', 'Balízová skupina 4');
INSERT INTO `cv_namedresource` (id, name, longname) VALUES ('8fd4275c-ad38-4af0-ad9f-5c11bbc701f0', 'XPBlse_1', 'Balíza 1-1');
INSERT INTO `cv_namedresource` (id, name, longname) VALUES ('920afcc4-7ceb-4eb9-96a3-5c146b48946e', 'XGStVC_2', 'Stoupání 1');
INSERT INTO `cv_namedresource` (id, name, longname) VALUES ('99673cd4-3f49-4919-864d-dd9f2f8ef52f', 'PAssPt_5', 'Bod zmìny sklonu 3');
INSERT INTO `cv_namedresource` (id, name, longname) VALUES ('9f5aea90-d268-466e-8b9c-032c4183a8d3', 'TLinEl_1', 'Zkušební úsek');
INSERT INTO `cv_namedresource` (id, name, longname) VALUES ('a0ed63cd-08ce-4386-b7f6-91028e2a00b2', 'XPBlse_7', 'Balíza 4-1');
INSERT INTO `cv_namedresource` (id, name, longname) VALUES ('a34cd767-7834-416f-9323-b4f61bad9249', 'PAssPt_17', 'Bod pro lokalizaci balízy 5-2');
INSERT INTO `cv_namedresource` (id, name, longname) VALUES ('a43be22d-1219-4aa9-8419-970c595f6620', 'PAssSg_2', 'Segment pro lokalizaci vodorovného úseku 1');
INSERT INTO `cv_namedresource` (id, name, longname) VALUES ('a44e105a-2bcc-4071-ae65-41c1c7a554a5', 'XPBaGr_7', 'Balízová skupina 7');
INSERT INTO `cv_namedresource` (id, name, longname) VALUES ('a4b1217c-4d19-4157-86cd-7d0ec8c892b3', 'PAssSg_4', 'Segment pro lokalizaci vodorovného úseku 2');
INSERT INTO `cv_namedresource` (id, name, longname) VALUES ('a7bcf251-31d9-4ad1-84a3-8f78414d14bc', 'XPBaGr_6', 'Balízová skupina 6');
INSERT INTO `cv_namedresource` (id, name, longname) VALUES ('b03701dd-6d73-4e04-bc9d-f75c5fab068e', 'XPBlse_9', 'Balíza 5-1');
INSERT INTO `cv_namedresource` (id, name, longname) VALUES ('b3dbd7fa-3c0b-43e4-8078-1c05af08f96a', 'PAssPt_14', 'Bod pro lokalizaci balízy 4-1');
INSERT INTO `cv_namedresource` (id, name, longname) VALUES ('bb143ba4-40fb-4c40-9613-5b384ae39b13', 'PAssPt_6', 'Bod zmìny sklonu 4');
INSERT INTO `cv_namedresource` (id, name, longname) VALUES ('be79a172-2796-45ef-af58-55b534064194', 'PAssPt_19', 'Bod pro lokalizaci balízy 6-2');
INSERT INTO `cv_namedresource` (id, name, longname) VALUES ('cb79cd85-bf6d-4721-92cf-e831cc1b9fbe', 'XPBaGr_5', 'Balízová skupina 5');
INSERT INTO `cv_namedresource` (id, name, longname) VALUES ('d1004a49-b10f-4d6c-8ad5-cfa5bbe7ea78', 'PAssPt_13', 'Bod pro lokalizaci balízy 3-2');
INSERT INTO `cv_namedresource` (id, name, longname) VALUES ('d87311d1-6618-4c4f-87e3-79a4b9467dfc', 'XPBlse_5', 'Balíza 3-1');
INSERT INTO `cv_namedresource` (id, name, longname) VALUES ('dfe6a222-4b7a-445a-8332-25872d462190', 'PAssPt_2', 'Konec zkušebního úseku');
INSERT INTO `cv_namedresource` (id, name, longname) VALUES ('e27b2e79-8fbe-417c-a389-a20d34348580', 'XPBlse_11', 'Balíza 6-1');
INSERT INTO `cv_namedresource` (id, name, longname) VALUES ('e48942cd-f01c-4c2c-998a-4d7d8e8ac354', 'XPBlse_8', 'Balíza 4-2');
INSERT INTO `cv_namedresource` (id, name, longname) VALUES ('e59b6695-e707-478f-b58e-8138c950fa96', 'XPBlse_6', 'Balíza 3-2');
INSERT INTO `cv_namedresource` (id, name, longname) VALUES ('e61cdaec-346d-4332-8338-3b1ff47c5162', 'PAssSg_7', 'Segment pro lokalizaci vodorovného úseku 3');
INSERT INTO `cv_namedresource` (id, name, longname) VALUES ('e9d725c9-8511-4f72-aec0-ab8c9452f9e6', 'PAssPt_3', 'Bod zmìny sklonu 1');
INSERT INTO `cv_namedresource` (id, name, longname) VALUES ('f30ea11d-2467-4dc4-bfeb-c82b3df5df3b', 'XGStVC_1', 'Vodorovný úsek 1');
INSERT INTO `cv_namedresource` (id, name, longname) VALUES ('f450a176-8304-43be-99d1-94889e684a7b', 'PAssPt_18', 'Bod pro lokalizaci balízy 6-1');
INSERT INTO `cv_namedresource` (id, name, longname) VALUES ('f492195c-f591-4903-9992-e60ed04923fd', 'PAssSg_3', 'Segment pro lokalizaci stoupání 1');
INSERT INTO `cv_namedresource` (id, name, longname) VALUES ('f786090f-654b-4785-a13b-c2926dfe038e', 'XGStVC_3', 'Vodorovný úsek 2');
INSERT INTO `cv_namedresource` (id, name, longname) VALUES ('f8f7716a-54c3-4945-ba4a-c5a1753802e2', 'XGStVC_6', 'Vodorovný úsek 3');
INSERT INTO `cv_namedresource` (id, name, longname) VALUES ('f9ff8eff-312b-403c-b9e2-7a70a3f06313', 'PAssSg_6', 'Segment pro lokalizaci stoupání 2');
INSERT INTO `cv_namedresource` (id, name, longname) VALUES ('fc6c5401-288e-4585-bc7f-909d7a0224e4', 'PAssPt_12', 'Bod pro lokalizaci balízy 3-1');
INSERT INTO `cv_namedresource` (id, name, longname) VALUES ('fde33595-b45e-49df-84f6-e3225cffe7f8', 'XPBaGr_1', 'Balízová skupina 1');
DELETE FROM `cv_netelement`;
INSERT INTO `cv_netelement` (id, name, longname) VALUES ('9f5aea90-d268-466e-8b9c-032c4183a8d3', 'TLinEl_1', 'Zkušební úsek');
DELETE FROM `cv_netentity`;
INSERT INTO `cv_netentity` (id, name, longname, id_NetEntity_Template, derivationRule) VALUES ('0e6cec43-1bb4-4e24-a0b0-8d1e45785962', 'XPBlse_14', 'Balíza 7-2', '', '');
INSERT INTO `cv_netentity` (id, name, longname, id_NetEntity_Template, derivationRule) VALUES ('12a9fbaa-a938-4b7b-b8cd-021654ae15ad', 'XPBaGr_2', 'Balízová skupina 2', '', '');
INSERT INTO `cv_netentity` (id, name, longname, id_NetEntity_Template, derivationRule) VALUES ('14b894cb-72f6-45da-b22b-168e3d6ba1f5', 'XPBlse_10', 'Balíza 5-2', '', '');
INSERT INTO `cv_netentity` (id, name, longname, id_NetEntity_Template, derivationRule) VALUES ('15b164e0-fc91-47de-952d-a68fe7c50ba9', 'XPBlse_4', 'Balíza 2-2', '', '');
INSERT INTO `cv_netentity` (id, name, longname, id_NetEntity_Template, derivationRule) VALUES ('1ae78cd6-7951-42ca-9b4c-2eda61c8b3f3', 'XGStHC_1', 'Zkušební pøímá', '', '');
INSERT INTO `cv_netentity` (id, name, longname, id_NetEntity_Template, derivationRule) VALUES ('259085ea-b8a8-4b7e-95e2-2e2a633a11e8', 'XGStVC_4', 'Klesání 1', '', '');
INSERT INTO `cv_netentity` (id, name, longname, id_NetEntity_Template, derivationRule) VALUES ('2f916a50-f0b2-4a5e-81bb-7a689d7207f7', 'XGStVC_5', 'Stoupání 2', '', '');
INSERT INTO `cv_netentity` (id, name, longname, id_NetEntity_Template, derivationRule) VALUES ('33fee6ba-08dd-4215-8370-375cd90f60e5', 'XPBlse_2', 'Balíza 1-2', '', '');
INSERT INTO `cv_netentity` (id, name, longname, id_NetEntity_Template, derivationRule) VALUES ('3ad943ed-1e60-40d4-80d2-0181bc9b712b', 'XPBaGr_3', 'Balízová skupina 3', '', '');
INSERT INTO `cv_netentity` (id, name, longname, id_NetEntity_Template, derivationRule) VALUES ('4b9e9aea-130a-4e52-a299-31f6bddc7627', 'XPBlse_12', 'Balíza 6-2', '', '');
INSERT INTO `cv_netentity` (id, name, longname, id_NetEntity_Template, derivationRule) VALUES ('57cb1234-4d6a-4b52-a458-c40774e6fefe', 'XPBlse_3', 'Balíza 2-1', '', '');
INSERT INTO `cv_netentity` (id, name, longname, id_NetEntity_Template, derivationRule) VALUES ('887a1848-5937-41db-a953-df5034273cad', 'XOSpSc_1', 'Úsek rychlosti 1', '', '');
INSERT INTO `cv_netentity` (id, name, longname, id_NetEntity_Template, derivationRule) VALUES ('88a94592-853b-4010-b73b-8e0f722b021f', 'XPBlse_13', 'Balíza 7-1', '', '');
INSERT INTO `cv_netentity` (id, name, longname, id_NetEntity_Template, derivationRule) VALUES ('8ecfe2fe-701c-4b4c-9cc8-b9d80e149726', 'XPBaGr_4', 'Balízová skupina 4', '', '');
INSERT INTO `cv_netentity` (id, name, longname, id_NetEntity_Template, derivationRule) VALUES ('8fd4275c-ad38-4af0-ad9f-5c11bbc701f0', 'XPBlse_1', 'Balíza 1-1', '', '');
INSERT INTO `cv_netentity` (id, name, longname, id_NetEntity_Template, derivationRule) VALUES ('920afcc4-7ceb-4eb9-96a3-5c146b48946e', 'XGStVC_2', 'Stoupání 1', '', '');
INSERT INTO `cv_netentity` (id, name, longname, id_NetEntity_Template, derivationRule) VALUES ('a0ed63cd-08ce-4386-b7f6-91028e2a00b2', 'XPBlse_7', 'Balíza 4-1', '', '');
INSERT INTO `cv_netentity` (id, name, longname, id_NetEntity_Template, derivationRule) VALUES ('a44e105a-2bcc-4071-ae65-41c1c7a554a5', 'XPBaGr_7', 'Balízová skupina 7', '', '');
INSERT INTO `cv_netentity` (id, name, longname, id_NetEntity_Template, derivationRule) VALUES ('a7bcf251-31d9-4ad1-84a3-8f78414d14bc', 'XPBaGr_6', 'Balízová skupina 6', '', '');
INSERT INTO `cv_netentity` (id, name, longname, id_NetEntity_Template, derivationRule) VALUES ('b03701dd-6d73-4e04-bc9d-f75c5fab068e', 'XPBlse_9', 'Balíza 5-1', '', '');
INSERT INTO `cv_netentity` (id, name, longname, id_NetEntity_Template, derivationRule) VALUES ('cb79cd85-bf6d-4721-92cf-e831cc1b9fbe', 'XPBaGr_5', 'Balízová skupina 5', '', '');
INSERT INTO `cv_netentity` (id, name, longname, id_NetEntity_Template, derivationRule) VALUES ('d87311d1-6618-4c4f-87e3-79a4b9467dfc', 'XPBlse_5', 'Balíza 3-1', '', '');
INSERT INTO `cv_netentity` (id, name, longname, id_NetEntity_Template, derivationRule) VALUES ('e27b2e79-8fbe-417c-a389-a20d34348580', 'XPBlse_11', 'Balíza 6-1', '', '');
INSERT INTO `cv_netentity` (id, name, longname, id_NetEntity_Template, derivationRule) VALUES ('e48942cd-f01c-4c2c-998a-4d7d8e8ac354', 'XPBlse_8', 'Balíza 4-2', '', '');
INSERT INTO `cv_netentity` (id, name, longname, id_NetEntity_Template, derivationRule) VALUES ('e59b6695-e707-478f-b58e-8138c950fa96', 'XPBlse_6', 'Balíza 3-2', '', '');
INSERT INTO `cv_netentity` (id, name, longname, id_NetEntity_Template, derivationRule) VALUES ('f30ea11d-2467-4dc4-bfeb-c82b3df5df3b', 'XGStVC_1', 'Vodorovný úsek 1', '', '');
INSERT INTO `cv_netentity` (id, name, longname, id_NetEntity_Template, derivationRule) VALUES ('f786090f-654b-4785-a13b-c2926dfe038e', 'XGStVC_3', 'Vodorovný úsek 2', '', '');
INSERT INTO `cv_netentity` (id, name, longname, id_NetEntity_Template, derivationRule) VALUES ('f8f7716a-54c3-4945-ba4a-c5a1753802e2', 'XGStVC_6', 'Vodorovný úsek 3', '', '');
INSERT INTO `cv_netentity` (id, name, longname, id_NetEntity_Template, derivationRule) VALUES ('fde33595-b45e-49df-84f6-e3225cffe7f8', 'XPBaGr_1', 'Balízová skupina 1', '', '');
DELETE FROM `cv_network`;
INSERT INTO `cv_network` (id, name, longname) VALUES ('3e1a8de4-23ca-4af4-9bc8-37c144f56018', 'NNetwk_1', 'Zkušební sí');
DELETE FROM `cv_networklevelassignment`;
INSERT INTO `cv_networklevelassignment` (id_LevelNetwork, id_Network) VALUES ('400ff05d-6e67-441f-ad05-09fb90176c75', '3e1a8de4-23ca-4af4-9bc8-37c144f56018');
INSERT INTO `cv_networklevelassignment` (id_LevelNetwork, id_Network) VALUES ('4a471d80-3559-46d9-b39c-1ec5ab4d6703', '3e1a8de4-23ca-4af4-9bc8-37c144f56018');
DELETE FROM `cv_networkresource`;
INSERT INTO `cv_networkresource` (id, name, longname) VALUES ('0e6cec43-1bb4-4e24-a0b0-8d1e45785962', 'XPBlse_14', 'Balíza 7-2');
INSERT INTO `cv_networkresource` (id, name, longname) VALUES ('12a9fbaa-a938-4b7b-b8cd-021654ae15ad', 'XPBaGr_2', 'Balízová skupina 2');
INSERT INTO `cv_networkresource` (id, name, longname) VALUES ('14b894cb-72f6-45da-b22b-168e3d6ba1f5', 'XPBlse_10', 'Balíza 5-2');
INSERT INTO `cv_networkresource` (id, name, longname) VALUES ('15b164e0-fc91-47de-952d-a68fe7c50ba9', 'XPBlse_4', 'Balíza 2-2');
INSERT INTO `cv_networkresource` (id, name, longname) VALUES ('1ae78cd6-7951-42ca-9b4c-2eda61c8b3f3', 'XGStHC_1', 'Zkušební pøímá');
INSERT INTO `cv_networkresource` (id, name, longname) VALUES ('259085ea-b8a8-4b7e-95e2-2e2a633a11e8', 'XGStVC_4', 'Klesání 1');
INSERT INTO `cv_networkresource` (id, name, longname) VALUES ('2f916a50-f0b2-4a5e-81bb-7a689d7207f7', 'XGStVC_5', 'Stoupání 2');
INSERT INTO `cv_networkresource` (id, name, longname) VALUES ('33fee6ba-08dd-4215-8370-375cd90f60e5', 'XPBlse_2', 'Balíza 1-2');
INSERT INTO `cv_networkresource` (id, name, longname) VALUES ('3ad943ed-1e60-40d4-80d2-0181bc9b712b', 'XPBaGr_3', 'Balízová skupina 3');
INSERT INTO `cv_networkresource` (id, name, longname) VALUES ('4b9e9aea-130a-4e52-a299-31f6bddc7627', 'XPBlse_12', 'Balíza 6-2');
INSERT INTO `cv_networkresource` (id, name, longname) VALUES ('57cb1234-4d6a-4b52-a458-c40774e6fefe', 'XPBlse_3', 'Balíza 2-1');
INSERT INTO `cv_networkresource` (id, name, longname) VALUES ('887a1848-5937-41db-a953-df5034273cad', 'XOSpSc_1', 'Úsek rychlosti 1');
INSERT INTO `cv_networkresource` (id, name, longname) VALUES ('88a94592-853b-4010-b73b-8e0f722b021f', 'XPBlse_13', 'Balíza 7-1');
INSERT INTO `cv_networkresource` (id, name, longname) VALUES ('8ecfe2fe-701c-4b4c-9cc8-b9d80e149726', 'XPBaGr_4', 'Balízová skupina 4');
INSERT INTO `cv_networkresource` (id, name, longname) VALUES ('8fd4275c-ad38-4af0-ad9f-5c11bbc701f0', 'XPBlse_1', 'Balíza 1-1');
INSERT INTO `cv_networkresource` (id, name, longname) VALUES ('920afcc4-7ceb-4eb9-96a3-5c146b48946e', 'XGStVC_2', 'Stoupání 1');
INSERT INTO `cv_networkresource` (id, name, longname) VALUES ('9f5aea90-d268-466e-8b9c-032c4183a8d3', 'TLinEl_1', 'Zkušební úsek');
INSERT INTO `cv_networkresource` (id, name, longname) VALUES ('a0ed63cd-08ce-4386-b7f6-91028e2a00b2', 'XPBlse_7', 'Balíza 4-1');
INSERT INTO `cv_networkresource` (id, name, longname) VALUES ('a44e105a-2bcc-4071-ae65-41c1c7a554a5', 'XPBaGr_7', 'Balízová skupina 7');
INSERT INTO `cv_networkresource` (id, name, longname) VALUES ('a7bcf251-31d9-4ad1-84a3-8f78414d14bc', 'XPBaGr_6', 'Balízová skupina 6');
INSERT INTO `cv_networkresource` (id, name, longname) VALUES ('b03701dd-6d73-4e04-bc9d-f75c5fab068e', 'XPBlse_9', 'Balíza 5-1');
INSERT INTO `cv_networkresource` (id, name, longname) VALUES ('cb79cd85-bf6d-4721-92cf-e831cc1b9fbe', 'XPBaGr_5', 'Balízová skupina 5');
INSERT INTO `cv_networkresource` (id, name, longname) VALUES ('d87311d1-6618-4c4f-87e3-79a4b9467dfc', 'XPBlse_5', 'Balíza 3-1');
INSERT INTO `cv_networkresource` (id, name, longname) VALUES ('e27b2e79-8fbe-417c-a389-a20d34348580', 'XPBlse_11', 'Balíza 6-1');
INSERT INTO `cv_networkresource` (id, name, longname) VALUES ('e48942cd-f01c-4c2c-998a-4d7d8e8ac354', 'XPBlse_8', 'Balíza 4-2');
INSERT INTO `cv_networkresource` (id, name, longname) VALUES ('e59b6695-e707-478f-b58e-8138c950fa96', 'XPBlse_6', 'Balíza 3-2');
INSERT INTO `cv_networkresource` (id, name, longname) VALUES ('f30ea11d-2467-4dc4-bfeb-c82b3df5df3b', 'XGStVC_1', 'Vodorovný úsek 1');
INSERT INTO `cv_networkresource` (id, name, longname) VALUES ('f786090f-654b-4785-a13b-c2926dfe038e', 'XGStVC_3', 'Vodorovný úsek 2');
INSERT INTO `cv_networkresource` (id, name, longname) VALUES ('f8f7716a-54c3-4945-ba4a-c5a1753802e2', 'XGStVC_6', 'Vodorovný úsek 3');
INSERT INTO `cv_networkresource` (id, name, longname) VALUES ('fde33595-b45e-49df-84f6-e3225cffe7f8', 'XPBaGr_1', 'Balízová skupina 1');
DELETE FROM `cv_networkresourceassignment`;
INSERT INTO `cv_networkresourceassignment` (id_NetworkResource, id_Network) VALUES ('0e6cec43-1bb4-4e24-a0b0-8d1e45785962', '3e1a8de4-23ca-4af4-9bc8-37c144f56018');
INSERT INTO `cv_networkresourceassignment` (id_NetworkResource, id_Network) VALUES ('12a9fbaa-a938-4b7b-b8cd-021654ae15ad', '3e1a8de4-23ca-4af4-9bc8-37c144f56018');
INSERT INTO `cv_networkresourceassignment` (id_NetworkResource, id_Network) VALUES ('14b894cb-72f6-45da-b22b-168e3d6ba1f5', '3e1a8de4-23ca-4af4-9bc8-37c144f56018');
INSERT INTO `cv_networkresourceassignment` (id_NetworkResource, id_Network) VALUES ('15b164e0-fc91-47de-952d-a68fe7c50ba9', '3e1a8de4-23ca-4af4-9bc8-37c144f56018');
INSERT INTO `cv_networkresourceassignment` (id_NetworkResource, id_Network) VALUES ('1ae78cd6-7951-42ca-9b4c-2eda61c8b3f3', '3e1a8de4-23ca-4af4-9bc8-37c144f56018');
INSERT INTO `cv_networkresourceassignment` (id_NetworkResource, id_Network) VALUES ('259085ea-b8a8-4b7e-95e2-2e2a633a11e8', '3e1a8de4-23ca-4af4-9bc8-37c144f56018');
INSERT INTO `cv_networkresourceassignment` (id_NetworkResource, id_Network) VALUES ('2f916a50-f0b2-4a5e-81bb-7a689d7207f7', '3e1a8de4-23ca-4af4-9bc8-37c144f56018');
INSERT INTO `cv_networkresourceassignment` (id_NetworkResource, id_Network) VALUES ('33fee6ba-08dd-4215-8370-375cd90f60e5', '3e1a8de4-23ca-4af4-9bc8-37c144f56018');
INSERT INTO `cv_networkresourceassignment` (id_NetworkResource, id_Network) VALUES ('3ad943ed-1e60-40d4-80d2-0181bc9b712b', '3e1a8de4-23ca-4af4-9bc8-37c144f56018');
INSERT INTO `cv_networkresourceassignment` (id_NetworkResource, id_Network) VALUES ('4b9e9aea-130a-4e52-a299-31f6bddc7627', '3e1a8de4-23ca-4af4-9bc8-37c144f56018');
INSERT INTO `cv_networkresourceassignment` (id_NetworkResource, id_Network) VALUES ('57cb1234-4d6a-4b52-a458-c40774e6fefe', '3e1a8de4-23ca-4af4-9bc8-37c144f56018');
INSERT INTO `cv_networkresourceassignment` (id_NetworkResource, id_Network) VALUES ('887a1848-5937-41db-a953-df5034273cad', '3e1a8de4-23ca-4af4-9bc8-37c144f56018');
INSERT INTO `cv_networkresourceassignment` (id_NetworkResource, id_Network) VALUES ('88a94592-853b-4010-b73b-8e0f722b021f', '3e1a8de4-23ca-4af4-9bc8-37c144f56018');
INSERT INTO `cv_networkresourceassignment` (id_NetworkResource, id_Network) VALUES ('8ecfe2fe-701c-4b4c-9cc8-b9d80e149726', '3e1a8de4-23ca-4af4-9bc8-37c144f56018');
INSERT INTO `cv_networkresourceassignment` (id_NetworkResource, id_Network) VALUES ('8fd4275c-ad38-4af0-ad9f-5c11bbc701f0', '3e1a8de4-23ca-4af4-9bc8-37c144f56018');
INSERT INTO `cv_networkresourceassignment` (id_NetworkResource, id_Network) VALUES ('920afcc4-7ceb-4eb9-96a3-5c146b48946e', '3e1a8de4-23ca-4af4-9bc8-37c144f56018');
INSERT INTO `cv_networkresourceassignment` (id_NetworkResource, id_Network) VALUES ('9f5aea90-d268-466e-8b9c-032c4183a8d3', '3e1a8de4-23ca-4af4-9bc8-37c144f56018');
INSERT INTO `cv_networkresourceassignment` (id_NetworkResource, id_Network) VALUES ('a0ed63cd-08ce-4386-b7f6-91028e2a00b2', '3e1a8de4-23ca-4af4-9bc8-37c144f56018');
INSERT INTO `cv_networkresourceassignment` (id_NetworkResource, id_Network) VALUES ('a44e105a-2bcc-4071-ae65-41c1c7a554a5', '3e1a8de4-23ca-4af4-9bc8-37c144f56018');
INSERT INTO `cv_networkresourceassignment` (id_NetworkResource, id_Network) VALUES ('a7bcf251-31d9-4ad1-84a3-8f78414d14bc', '3e1a8de4-23ca-4af4-9bc8-37c144f56018');
INSERT INTO `cv_networkresourceassignment` (id_NetworkResource, id_Network) VALUES ('b03701dd-6d73-4e04-bc9d-f75c5fab068e', '3e1a8de4-23ca-4af4-9bc8-37c144f56018');
INSERT INTO `cv_networkresourceassignment` (id_NetworkResource, id_Network) VALUES ('cb79cd85-bf6d-4721-92cf-e831cc1b9fbe', '3e1a8de4-23ca-4af4-9bc8-37c144f56018');
INSERT INTO `cv_networkresourceassignment` (id_NetworkResource, id_Network) VALUES ('d87311d1-6618-4c4f-87e3-79a4b9467dfc', '3e1a8de4-23ca-4af4-9bc8-37c144f56018');
INSERT INTO `cv_networkresourceassignment` (id_NetworkResource, id_Network) VALUES ('e27b2e79-8fbe-417c-a389-a20d34348580', '3e1a8de4-23ca-4af4-9bc8-37c144f56018');
INSERT INTO `cv_networkresourceassignment` (id_NetworkResource, id_Network) VALUES ('e48942cd-f01c-4c2c-998a-4d7d8e8ac354', '3e1a8de4-23ca-4af4-9bc8-37c144f56018');
INSERT INTO `cv_networkresourceassignment` (id_NetworkResource, id_Network) VALUES ('e59b6695-e707-478f-b58e-8138c950fa96', '3e1a8de4-23ca-4af4-9bc8-37c144f56018');
INSERT INTO `cv_networkresourceassignment` (id_NetworkResource, id_Network) VALUES ('f30ea11d-2467-4dc4-bfeb-c82b3df5df3b', '3e1a8de4-23ca-4af4-9bc8-37c144f56018');
INSERT INTO `cv_networkresourceassignment` (id_NetworkResource, id_Network) VALUES ('f786090f-654b-4785-a13b-c2926dfe038e', '3e1a8de4-23ca-4af4-9bc8-37c144f56018');
INSERT INTO `cv_networkresourceassignment` (id_NetworkResource, id_Network) VALUES ('f8f7716a-54c3-4945-ba4a-c5a1753802e2', '3e1a8de4-23ca-4af4-9bc8-37c144f56018');
INSERT INTO `cv_networkresourceassignment` (id_NetworkResource, id_Network) VALUES ('fde33595-b45e-49df-84f6-e3225cffe7f8', '3e1a8de4-23ca-4af4-9bc8-37c144f56018');
DELETE FROM `cv_nonlinearelement`;
DELETE FROM `cv_objectprojection`;
DELETE FROM `cv_objectprojectioncoord`;
DELETE FROM `cv_objectprojectionsymbol`;
DELETE FROM `cv_objectprojectionsymbolcoord`;
DELETE FROM `cv_operationalarea`;
DELETE FROM `cv_operationalareasignalassignment`;
DELETE FROM `cv_operationalentity`;
INSERT INTO `cv_operationalentity` (id, name, longname, id_NetEntity_Template, derivationRule) VALUES ('887a1848-5937-41db-a953-df5034273cad', 'XOSpSc_1', 'Úsek rychlosti 1', '', '');
DELETE FROM `cv_orderedcollection`;
DELETE FROM `cv_orderedelementassignment`;
DELETE FROM `cv_parabolavc`;
DELETE FROM `cv_physicallocation`;
DELETE FROM `cv_physicallocationgeocoord`;
DELETE FROM `cv_physicallocationlinearcoord`;
DELETE FROM `cv_platform`;
DELETE FROM `cv_platformedge`;
DELETE FROM `cv_platformstoppingplace`;
DELETE FROM `cv_positionedrelation`;
DELETE FROM `cv_positioningnetelement`;
INSERT INTO `cv_positioningnetelement` (id, name, longname) VALUES ('9f5aea90-d268-466e-8b9c-032c4183a8d3', 'TLinEl_1', 'Zkušební úsek');
DELETE FROM `cv_positioningsystem`;
INSERT INTO `cv_positioningsystem` (id, name, longname) VALUES ('58af1adc-c998-43c3-9671-73a0cc42984a', 'PGeoPS_1', 'Geometrický_souøadnicový_systém');
DELETE FROM `cv_powersource`;
DELETE FROM `cv_railwayroute`;
DELETE FROM `cv_relation`;
DELETE FROM `cv_routecomponentassignment`;
DELETE FROM `cv_routecontrolentityassignment`;
DELETE FROM `cv_routecurveassignment`;
DELETE FROM `cv_screenpositioningsystem`;
DELETE FROM `cv_signalcomponenttype`;
DELETE FROM `cv_signalcomponenttypeassignment`;
DELETE FROM `cv_signallabeltypeassignment`;
DELETE FROM `cv_signaltype`;
DELETE FROM `cv_significantlooppoint`;
DELETE FROM `cv_speedprofile`;
DELETE FROM `cv_speedprofilesectionassignment`;
DELETE FROM `cv_speedsection`;
INSERT INTO `cv_speedsection` (id, name, longname, id_NetEntity_Template, derivationRule, maxSpeed) VALUES ('887a1848-5937-41db-a953-df5034273cad', 'XOSpSc_1', 'Úsek rychlosti 1', '', '', 120.0);
DELETE FROM `cv_speedsectionsignalassignment`;
DELETE FROM `cv_stoppingplace`;
DELETE FROM `cv_straighthc`;
INSERT INTO `cv_straighthc` (id, name, longname, id_NetEntity_Template, derivationRule, azimuth0, deltaAzimuth, horizontalLength) VALUES ('1ae78cd6-7951-42ca-9b4c-2eda61c8b3f3', 'XGStHC_1', 'Zkušební pøímá', '', '', 90.0, 0.0, 10000.0);
DELETE FROM `cv_straightvc`;
INSERT INTO `cv_straightvc` (id, name, longname, id_NetEntity_Template, derivationRule, horizontalLength, elevation0, deltaElevation) VALUES ('259085ea-b8a8-4b7e-95e2-2e2a633a11e8', 'XGStVC_4', 'Klesání 1', '', '', 1500.0, 15.3, -9.0);
INSERT INTO `cv_straightvc` (id, name, longname, id_NetEntity_Template, derivationRule, horizontalLength, elevation0, deltaElevation) VALUES ('2f916a50-f0b2-4a5e-81bb-7a689d7207f7', 'XGStVC_5', 'Stoupání 2', '', '', 2100.0, 6.3, 16.8);
INSERT INTO `cv_straightvc` (id, name, longname, id_NetEntity_Template, derivationRule, horizontalLength, elevation0, deltaElevation) VALUES ('920afcc4-7ceb-4eb9-96a3-5c146b48946e', 'XGStVC_2', 'Stoupání 1', '', '', 1700.0, 0.0, 15.3);
INSERT INTO `cv_straightvc` (id, name, longname, id_NetEntity_Template, derivationRule, horizontalLength, elevation0, deltaElevation) VALUES ('f30ea11d-2467-4dc4-bfeb-c82b3df5df3b', 'XGStVC_1', 'Vodorovný úsek 1', '', '', 1800.0, 0.0, 0.0);
INSERT INTO `cv_straightvc` (id, name, longname, id_NetEntity_Template, derivationRule, horizontalLength, elevation0, deltaElevation) VALUES ('f786090f-654b-4785-a13b-c2926dfe038e', 'XGStVC_3', 'Vodorovný úsek 2', '', '', 2000.0, 15.3, 0.0);
INSERT INTO `cv_straightvc` (id, name, longname, id_NetEntity_Template, derivationRule, horizontalLength, elevation0, deltaElevation) VALUES ('f8f7716a-54c3-4945-ba4a-c5a1753802e2', 'XGStVC_6', 'Vodorovný úsek 3', '', '', 900.0, 23.1, 0.0);
DELETE FROM `cv_structuralentity`;
DELETE FROM `cv_superelevation`;
DELETE FROM `cv_superstructurecomponent`;
DELETE FROM `cv_switchmachine`;
DELETE FROM `cv_switchmachinerelationassignment`;
DELETE FROM `cv_track`;
DELETE FROM `cv_trackbed`;
DELETE FROM `cv_trackcircuit`;
DELETE FROM `cv_trackcircuitloopassignment`;
DELETE FROM `cv_traindetectionentity`;
DELETE FROM `cv_trainprotectionentity`;
INSERT INTO `cv_trainprotectionentity` (id, name, longname, id_NetEntity_Template, derivationRule) VALUES ('0e6cec43-1bb4-4e24-a0b0-8d1e45785962', 'XPBlse_14', 'Balíza 7-2', '', '');
INSERT INTO `cv_trainprotectionentity` (id, name, longname, id_NetEntity_Template, derivationRule) VALUES ('12a9fbaa-a938-4b7b-b8cd-021654ae15ad', 'XPBaGr_2', 'Balízová skupina 2', '', '');
INSERT INTO `cv_trainprotectionentity` (id, name, longname, id_NetEntity_Template, derivationRule) VALUES ('14b894cb-72f6-45da-b22b-168e3d6ba1f5', 'XPBlse_10', 'Balíza 5-2', '', '');
INSERT INTO `cv_trainprotectionentity` (id, name, longname, id_NetEntity_Template, derivationRule) VALUES ('15b164e0-fc91-47de-952d-a68fe7c50ba9', 'XPBlse_4', 'Balíza 2-2', '', '');
INSERT INTO `cv_trainprotectionentity` (id, name, longname, id_NetEntity_Template, derivationRule) VALUES ('33fee6ba-08dd-4215-8370-375cd90f60e5', 'XPBlse_2', 'Balíza 1-2', '', '');
INSERT INTO `cv_trainprotectionentity` (id, name, longname, id_NetEntity_Template, derivationRule) VALUES ('3ad943ed-1e60-40d4-80d2-0181bc9b712b', 'XPBaGr_3', 'Balízová skupina 3', '', '');
INSERT INTO `cv_trainprotectionentity` (id, name, longname, id_NetEntity_Template, derivationRule) VALUES ('4b9e9aea-130a-4e52-a299-31f6bddc7627', 'XPBlse_12', 'Balíza 6-2', '', '');
INSERT INTO `cv_trainprotectionentity` (id, name, longname, id_NetEntity_Template, derivationRule) VALUES ('57cb1234-4d6a-4b52-a458-c40774e6fefe', 'XPBlse_3', 'Balíza 2-1', '', '');
INSERT INTO `cv_trainprotectionentity` (id, name, longname, id_NetEntity_Template, derivationRule) VALUES ('88a94592-853b-4010-b73b-8e0f722b021f', 'XPBlse_13', 'Balíza 7-1', '', '');
INSERT INTO `cv_trainprotectionentity` (id, name, longname, id_NetEntity_Template, derivationRule) VALUES ('8ecfe2fe-701c-4b4c-9cc8-b9d80e149726', 'XPBaGr_4', 'Balízová skupina 4', '', '');
INSERT INTO `cv_trainprotectionentity` (id, name, longname, id_NetEntity_Template, derivationRule) VALUES ('8fd4275c-ad38-4af0-ad9f-5c11bbc701f0', 'XPBlse_1', 'Balíza 1-1', '', '');
INSERT INTO `cv_trainprotectionentity` (id, name, longname, id_NetEntity_Template, derivationRule) VALUES ('a0ed63cd-08ce-4386-b7f6-91028e2a00b2', 'XPBlse_7', 'Balíza 4-1', '', '');
INSERT INTO `cv_trainprotectionentity` (id, name, longname, id_NetEntity_Template, derivationRule) VALUES ('a44e105a-2bcc-4071-ae65-41c1c7a554a5', 'XPBaGr_7', 'Balízová skupina 7', '', '');
INSERT INTO `cv_trainprotectionentity` (id, name, longname, id_NetEntity_Template, derivationRule) VALUES ('a7bcf251-31d9-4ad1-84a3-8f78414d14bc', 'XPBaGr_6', 'Balízová skupina 6', '', '');
INSERT INTO `cv_trainprotectionentity` (id, name, longname, id_NetEntity_Template, derivationRule) VALUES ('b03701dd-6d73-4e04-bc9d-f75c5fab068e', 'XPBlse_9', 'Balíza 5-1', '', '');
INSERT INTO `cv_trainprotectionentity` (id, name, longname, id_NetEntity_Template, derivationRule) VALUES ('cb79cd85-bf6d-4721-92cf-e831cc1b9fbe', 'XPBaGr_5', 'Balízová skupina 5', '', '');
INSERT INTO `cv_trainprotectionentity` (id, name, longname, id_NetEntity_Template, derivationRule) VALUES ('d87311d1-6618-4c4f-87e3-79a4b9467dfc', 'XPBlse_5', 'Balíza 3-1', '', '');
INSERT INTO `cv_trainprotectionentity` (id, name, longname, id_NetEntity_Template, derivationRule) VALUES ('e27b2e79-8fbe-417c-a389-a20d34348580', 'XPBlse_11', 'Balíza 6-1', '', '');
INSERT INTO `cv_trainprotectionentity` (id, name, longname, id_NetEntity_Template, derivationRule) VALUES ('e48942cd-f01c-4c2c-998a-4d7d8e8ac354', 'XPBlse_8', 'Balíza 4-2', '', '');
INSERT INTO `cv_trainprotectionentity` (id, name, longname, id_NetEntity_Template, derivationRule) VALUES ('e59b6695-e707-478f-b58e-8138c950fa96', 'XPBlse_6', 'Balíza 3-2', '', '');
INSERT INTO `cv_trainprotectionentity` (id, name, longname, id_NetEntity_Template, derivationRule) VALUES ('fde33595-b45e-49df-84f6-e3225cffe7f8', 'XPBaGr_1', 'Balízová skupina 1', '', '');
DELETE FROM `cv_transmissionloop`;
DELETE FROM `cv_transmitterbox`;
DELETE FROM `cv_tunnel`;
DELETE FROM `cv_turnout`;
DELETE FROM `cv_unorderedcollection`;
DELETE FROM `cv_unorderedelementassignment`;
DELETE FROM `cv_verticalcurve`;
INSERT INTO `cv_verticalcurve` (id, name, longname, id_NetEntity_Template, derivationRule, horizontalLength, elevation0, deltaElevation) VALUES ('259085ea-b8a8-4b7e-95e2-2e2a633a11e8', 'XGStVC_4', 'Klesání 1', '', '', 1500.0, 15.3, -9.0);
INSERT INTO `cv_verticalcurve` (id, name, longname, id_NetEntity_Template, derivationRule, horizontalLength, elevation0, deltaElevation) VALUES ('2f916a50-f0b2-4a5e-81bb-7a689d7207f7', 'XGStVC_5', 'Stoupání 2', '', '', 2100.0, 6.3, 16.8);
INSERT INTO `cv_verticalcurve` (id, name, longname, id_NetEntity_Template, derivationRule, horizontalLength, elevation0, deltaElevation) VALUES ('920afcc4-7ceb-4eb9-96a3-5c146b48946e', 'XGStVC_2', 'Stoupání 1', '', '', 1700.0, 0.0, 15.3);
INSERT INTO `cv_verticalcurve` (id, name, longname, id_NetEntity_Template, derivationRule, horizontalLength, elevation0, deltaElevation) VALUES ('f30ea11d-2467-4dc4-bfeb-c82b3df5df3b', 'XGStVC_1', 'Vodorovný úsek 1', '', '', 1800.0, 0.0, 0.0);
INSERT INTO `cv_verticalcurve` (id, name, longname, id_NetEntity_Template, derivationRule, horizontalLength, elevation0, deltaElevation) VALUES ('f786090f-654b-4785-a13b-c2926dfe038e', 'XGStVC_3', 'Vodorovný úsek 2', '', '', 2000.0, 15.3, 0.0);
INSERT INTO `cv_verticalcurve` (id, name, longname, id_NetEntity_Template, derivationRule, horizontalLength, elevation0, deltaElevation) VALUES ('f8f7716a-54c3-4945-ba4a-c5a1753802e2', 'XGStVC_6', 'Vodorovný úsek 3', '', '', 900.0, 23.1, 0.0);
DELETE FROM `cv_visualization`;
DELETE FROM `cv_visualizationbaseobject`;
INSERT INTO `entitylocation` (id) VALUES ('08c1efb0-603f-4322-ab54-336d072c3463');
INSERT INTO `entitylocation` (id) VALUES ('12d30e44-12d8-44fe-b8fd-535027a6d50c');
INSERT INTO `entitylocation` (id) VALUES ('187de3a6-a988-45df-8527-c8cbfbb0829e');
INSERT INTO `entitylocation` (id) VALUES ('21e2fed0-5c8b-48e6-8378-cee47ba74c6a');
INSERT INTO `entitylocation` (id) VALUES ('357b97d0-4372-4fb0-b88a-34bd134cc3c0');
INSERT INTO `entitylocation` (id) VALUES ('38ea7202-070c-4c40-910d-8e95799f123f');
INSERT INTO `entitylocation` (id) VALUES ('4e015053-7a61-44b7-a025-f2f317667e92');
INSERT INTO `entitylocation` (id) VALUES ('52bd816e-0ab2-4826-95b4-f7cc369a6716');
INSERT INTO `entitylocation` (id) VALUES ('5c476edf-caf6-4482-95da-6df88ea1c1f9');
INSERT INTO `entitylocation` (id) VALUES ('63326cb3-6b55-48bd-84dc-462f3f959e08');
INSERT INTO `entitylocation` (id) VALUES ('65f773bf-5482-4ce8-bac7-326b7c4f06d3');
INSERT INTO `entitylocation` (id) VALUES ('6bd5a39b-6ec6-4be0-ae3d-0842efceb640');
INSERT INTO `entitylocation` (id) VALUES ('8317a7fb-7dd0-4a9f-8cc5-57332d4ab490');
INSERT INTO `entitylocation` (id) VALUES ('9d156751-9d2c-46d2-9cff-fb656f62a8fe');
INSERT INTO `entitylocation` (id) VALUES ('b1f09257-4bc5-40a4-8bd5-30c3de972846');
INSERT INTO `entitylocation` (id) VALUES ('c866d469-20b8-4ca3-a94b-20275b8d0648');
INSERT INTO `entitylocation` (id) VALUES ('ceadece9-0eb0-48db-adf2-5d3b235720ab');
INSERT INTO `entitylocation` (id) VALUES ('d494e868-a674-4bcc-882c-1fdee011675c');
INSERT INTO `entitylocation` (id) VALUES ('dccda469-f4fe-463e-8f8d-524ffffc586f');
INSERT INTO `entitylocation` (id) VALUES ('dcf3609a-cead-4e12-b073-19a252dd94cf');
INSERT INTO `entitylocation` (id) VALUES ('f72c00f1-145e-4bd7-a1a2-1809342fda5a');
INSERT INTO `entitylocation` (id) VALUES ('f7527116-3c1b-4e07-a8e9-658a353ec16c');
INSERT INTO `entitylocationassignment` (id_EntityLocation, id_LocatedNetEntity) VALUES ('5c476edf-caf6-4482-95da-6df88ea1c1f9', '0e6cec43-1bb4-4e24-a0b0-8d1e45785962');
INSERT INTO `entitylocationassignment` (id_EntityLocation, id_LocatedNetEntity) VALUES ('08c1efb0-603f-4322-ab54-336d072c3463', '14b894cb-72f6-45da-b22b-168e3d6ba1f5');
INSERT INTO `entitylocationassignment` (id_EntityLocation, id_LocatedNetEntity) VALUES ('dccda469-f4fe-463e-8f8d-524ffffc586f', '15b164e0-fc91-47de-952d-a68fe7c50ba9');
INSERT INTO `entitylocationassignment` (id_EntityLocation, id_LocatedNetEntity) VALUES ('6bd5a39b-6ec6-4be0-ae3d-0842efceb640', '1ae78cd6-7951-42ca-9b4c-2eda61c8b3f3');
INSERT INTO `entitylocationassignment` (id_EntityLocation, id_LocatedNetEntity) VALUES ('21e2fed0-5c8b-48e6-8378-cee47ba74c6a', '259085ea-b8a8-4b7e-95e2-2e2a633a11e8');
INSERT INTO `entitylocationassignment` (id_EntityLocation, id_LocatedNetEntity) VALUES ('9d156751-9d2c-46d2-9cff-fb656f62a8fe', '2f916a50-f0b2-4a5e-81bb-7a689d7207f7');
INSERT INTO `entitylocationassignment` (id_EntityLocation, id_LocatedNetEntity) VALUES ('357b97d0-4372-4fb0-b88a-34bd134cc3c0', '33fee6ba-08dd-4215-8370-375cd90f60e5');
INSERT INTO `entitylocationassignment` (id_EntityLocation, id_LocatedNetEntity) VALUES ('c866d469-20b8-4ca3-a94b-20275b8d0648', '4b9e9aea-130a-4e52-a299-31f6bddc7627');
INSERT INTO `entitylocationassignment` (id_EntityLocation, id_LocatedNetEntity) VALUES ('38ea7202-070c-4c40-910d-8e95799f123f', '57cb1234-4d6a-4b52-a458-c40774e6fefe');
INSERT INTO `entitylocationassignment` (id_EntityLocation, id_LocatedNetEntity) VALUES ('dcf3609a-cead-4e12-b073-19a252dd94cf', '887a1848-5937-41db-a953-df5034273cad');
INSERT INTO `entitylocationassignment` (id_EntityLocation, id_LocatedNetEntity) VALUES ('65f773bf-5482-4ce8-bac7-326b7c4f06d3', '88a94592-853b-4010-b73b-8e0f722b021f');
INSERT INTO `entitylocationassignment` (id_EntityLocation, id_LocatedNetEntity) VALUES ('f72c00f1-145e-4bd7-a1a2-1809342fda5a', '8fd4275c-ad38-4af0-ad9f-5c11bbc701f0');
INSERT INTO `entitylocationassignment` (id_EntityLocation, id_LocatedNetEntity) VALUES ('52bd816e-0ab2-4826-95b4-f7cc369a6716', '920afcc4-7ceb-4eb9-96a3-5c146b48946e');
INSERT INTO `entitylocationassignment` (id_EntityLocation, id_LocatedNetEntity) VALUES ('187de3a6-a988-45df-8527-c8cbfbb0829e', 'a0ed63cd-08ce-4386-b7f6-91028e2a00b2');
INSERT INTO `entitylocationassignment` (id_EntityLocation, id_LocatedNetEntity) VALUES ('ceadece9-0eb0-48db-adf2-5d3b235720ab', 'b03701dd-6d73-4e04-bc9d-f75c5fab068e');
INSERT INTO `entitylocationassignment` (id_EntityLocation, id_LocatedNetEntity) VALUES ('12d30e44-12d8-44fe-b8fd-535027a6d50c', 'd87311d1-6618-4c4f-87e3-79a4b9467dfc');
INSERT INTO `entitylocationassignment` (id_EntityLocation, id_LocatedNetEntity) VALUES ('b1f09257-4bc5-40a4-8bd5-30c3de972846', 'e27b2e79-8fbe-417c-a389-a20d34348580');
INSERT INTO `entitylocationassignment` (id_EntityLocation, id_LocatedNetEntity) VALUES ('8317a7fb-7dd0-4a9f-8cc5-57332d4ab490', 'e48942cd-f01c-4c2c-998a-4d7d8e8ac354');
INSERT INTO `entitylocationassignment` (id_EntityLocation, id_LocatedNetEntity) VALUES ('4e015053-7a61-44b7-a025-f2f317667e92', 'e59b6695-e707-478f-b58e-8138c950fa96');
INSERT INTO `entitylocationassignment` (id_EntityLocation, id_LocatedNetEntity) VALUES ('d494e868-a674-4bcc-882c-1fdee011675c', 'f30ea11d-2467-4dc4-bfeb-c82b3df5df3b');
INSERT INTO `entitylocationassignment` (id_EntityLocation, id_LocatedNetEntity) VALUES ('63326cb3-6b55-48bd-84dc-462f3f959e08', 'f786090f-654b-4785-a13b-c2926dfe038e');
INSERT INTO `entitylocationassignment` (id_EntityLocation, id_LocatedNetEntity) VALUES ('f7527116-3c1b-4e07-a8e9-658a353ec16c', 'f8f7716a-54c3-4945-ba4a-c5a1753802e2');
INSERT INTO `functionallocation` (id, functionalLocationType, applicationDirection, lateralSide, lateralDistance, verticalSide, verticalDistance) VALUES ('08c1efb0-603f-4322-ab54-336d072c3463', 'spot', 'both', '0', 0.0, '0', 0.0);
INSERT INTO `functionallocation` (id, functionalLocationType, applicationDirection, lateralSide, lateralDistance, verticalSide, verticalDistance) VALUES ('12d30e44-12d8-44fe-b8fd-535027a6d50c', 'spot', 'both', '0', 0.0, '0', 0.0);
INSERT INTO `functionallocation` (id, functionalLocationType, applicationDirection, lateralSide, lateralDistance, verticalSide, verticalDistance) VALUES ('187de3a6-a988-45df-8527-c8cbfbb0829e', 'spot', 'both', '0', 0.0, '0', 0.0);
INSERT INTO `functionallocation` (id, functionalLocationType, applicationDirection, lateralSide, lateralDistance, verticalSide, verticalDistance) VALUES ('21e2fed0-5c8b-48e6-8378-cee47ba74c6a', 'linear', 'both', '0', 0.0, '0', 0.0);
INSERT INTO `functionallocation` (id, functionalLocationType, applicationDirection, lateralSide, lateralDistance, verticalSide, verticalDistance) VALUES ('357b97d0-4372-4fb0-b88a-34bd134cc3c0', 'spot', 'both', '0', 0.0, '0', 0.0);
INSERT INTO `functionallocation` (id, functionalLocationType, applicationDirection, lateralSide, lateralDistance, verticalSide, verticalDistance) VALUES ('38ea7202-070c-4c40-910d-8e95799f123f', 'spot', 'both', '0', 0.0, '0', 0.0);
INSERT INTO `functionallocation` (id, functionalLocationType, applicationDirection, lateralSide, lateralDistance, verticalSide, verticalDistance) VALUES ('4e015053-7a61-44b7-a025-f2f317667e92', 'spot', 'both', '0', 0.0, '0', 0.0);
INSERT INTO `functionallocation` (id, functionalLocationType, applicationDirection, lateralSide, lateralDistance, verticalSide, verticalDistance) VALUES ('52bd816e-0ab2-4826-95b4-f7cc369a6716', 'linear', 'both', '0', 0.0, '0', 0.0);
INSERT INTO `functionallocation` (id, functionalLocationType, applicationDirection, lateralSide, lateralDistance, verticalSide, verticalDistance) VALUES ('5c476edf-caf6-4482-95da-6df88ea1c1f9', 'spot', 'both', '0', 0.0, '0', 0.0);
INSERT INTO `functionallocation` (id, functionalLocationType, applicationDirection, lateralSide, lateralDistance, verticalSide, verticalDistance) VALUES ('63326cb3-6b55-48bd-84dc-462f3f959e08', 'linear', 'both', '0', 0.0, '0', 0.0);
INSERT INTO `functionallocation` (id, functionalLocationType, applicationDirection, lateralSide, lateralDistance, verticalSide, verticalDistance) VALUES ('65f773bf-5482-4ce8-bac7-326b7c4f06d3', 'spot', 'both', '0', 0.0, '0', 0.0);
INSERT INTO `functionallocation` (id, functionalLocationType, applicationDirection, lateralSide, lateralDistance, verticalSide, verticalDistance) VALUES ('6bd5a39b-6ec6-4be0-ae3d-0842efceb640', 'linear', 'normal', '0', 0.0, '0', 0.0);
INSERT INTO `functionallocation` (id, functionalLocationType, applicationDirection, lateralSide, lateralDistance, verticalSide, verticalDistance) VALUES ('8317a7fb-7dd0-4a9f-8cc5-57332d4ab490', 'spot', 'both', '0', 0.0, '0', 0.0);
INSERT INTO `functionallocation` (id, functionalLocationType, applicationDirection, lateralSide, lateralDistance, verticalSide, verticalDistance) VALUES ('9d156751-9d2c-46d2-9cff-fb656f62a8fe', 'linear', 'both', '0', 0.0, '0', 0.0);
INSERT INTO `functionallocation` (id, functionalLocationType, applicationDirection, lateralSide, lateralDistance, verticalSide, verticalDistance) VALUES ('b1f09257-4bc5-40a4-8bd5-30c3de972846', 'spot', 'both', '0', 0.0, '0', 0.0);
INSERT INTO `functionallocation` (id, functionalLocationType, applicationDirection, lateralSide, lateralDistance, verticalSide, verticalDistance) VALUES ('c866d469-20b8-4ca3-a94b-20275b8d0648', 'spot', 'both', '0', 0.0, '0', 0.0);
INSERT INTO `functionallocation` (id, functionalLocationType, applicationDirection, lateralSide, lateralDistance, verticalSide, verticalDistance) VALUES ('ceadece9-0eb0-48db-adf2-5d3b235720ab', 'spot', 'both', '0', 0.0, '0', 0.0);
INSERT INTO `functionallocation` (id, functionalLocationType, applicationDirection, lateralSide, lateralDistance, verticalSide, verticalDistance) VALUES ('d494e868-a674-4bcc-882c-1fdee011675c', 'linear', 'both', '0', 0.0, '0', 0.0);
INSERT INTO `functionallocation` (id, functionalLocationType, applicationDirection, lateralSide, lateralDistance, verticalSide, verticalDistance) VALUES ('dccda469-f4fe-463e-8f8d-524ffffc586f', 'spot', 'both', '0', 0.0, '0', 0.0);
INSERT INTO `functionallocation` (id, functionalLocationType, applicationDirection, lateralSide, lateralDistance, verticalSide, verticalDistance) VALUES ('dcf3609a-cead-4e12-b073-19a252dd94cf', 'linear', 'both', '0', 0.0, '0', 0.0);
INSERT INTO `functionallocation` (id, functionalLocationType, applicationDirection, lateralSide, lateralDistance, verticalSide, verticalDistance) VALUES ('f72c00f1-145e-4bd7-a1a2-1809342fda5a', 'spot', 'both', '0', 0.0, '0', 0.0);
INSERT INTO `functionallocation` (id, functionalLocationType, applicationDirection, lateralSide, lateralDistance, verticalSide, verticalDistance) VALUES ('f7527116-3c1b-4e07-a8e9-658a353ec16c', 'linear', 'both', '0', 0.0, '0', 0.0);
INSERT INTO `geometricpositioningsystem` (id, crsDefinition) VALUES ('58af1adc-c998-43c3-9671-73a0cc42984a', 'RhinoCRS');
INSERT INTO `geometryentity` (id) VALUES ('1ae78cd6-7951-42ca-9b4c-2eda61c8b3f3');
INSERT INTO `geometryentity` (id) VALUES ('259085ea-b8a8-4b7e-95e2-2e2a633a11e8');
INSERT INTO `geometryentity` (id) VALUES ('2f916a50-f0b2-4a5e-81bb-7a689d7207f7');
INSERT INTO `geometryentity` (id) VALUES ('920afcc4-7ceb-4eb9-96a3-5c146b48946e');
INSERT INTO `geometryentity` (id) VALUES ('f30ea11d-2467-4dc4-bfeb-c82b3df5df3b');
INSERT INTO `geometryentity` (id) VALUES ('f786090f-654b-4785-a13b-c2926dfe038e');
INSERT INTO `geometryentity` (id) VALUES ('f8f7716a-54c3-4945-ba4a-c5a1753802e2');
INSERT INTO `horizontalcurve` (id, azimuth0, deltaAzimuth) VALUES ('1ae78cd6-7951-42ca-9b4c-2eda61c8b3f3', 90.0, 0.0);
INSERT INTO `levelnetwork` (id, descriptionLevel, representation) VALUES ('400ff05d-6e67-441f-ad05-09fb90176c75', 'micro', '2D');
INSERT INTO `levelnetwork` (id, descriptionLevel, representation) VALUES ('4a471d80-3559-46d9-b39c-1ec5ab4d6703', 'micro', '3D');
INSERT INTO `levelresourceassignment` (id_NetworkResource, id_LevelNetwork) VALUES ('0e6cec43-1bb4-4e24-a0b0-8d1e45785962', '400ff05d-6e67-441f-ad05-09fb90176c75');
INSERT INTO `levelresourceassignment` (id_NetworkResource, id_LevelNetwork) VALUES ('12a9fbaa-a938-4b7b-b8cd-021654ae15ad', '400ff05d-6e67-441f-ad05-09fb90176c75');
INSERT INTO `levelresourceassignment` (id_NetworkResource, id_LevelNetwork) VALUES ('14b894cb-72f6-45da-b22b-168e3d6ba1f5', '400ff05d-6e67-441f-ad05-09fb90176c75');
INSERT INTO `levelresourceassignment` (id_NetworkResource, id_LevelNetwork) VALUES ('15b164e0-fc91-47de-952d-a68fe7c50ba9', '400ff05d-6e67-441f-ad05-09fb90176c75');
INSERT INTO `levelresourceassignment` (id_NetworkResource, id_LevelNetwork) VALUES ('1ae78cd6-7951-42ca-9b4c-2eda61c8b3f3', '400ff05d-6e67-441f-ad05-09fb90176c75');
INSERT INTO `levelresourceassignment` (id_NetworkResource, id_LevelNetwork) VALUES ('259085ea-b8a8-4b7e-95e2-2e2a633a11e8', '400ff05d-6e67-441f-ad05-09fb90176c75');
INSERT INTO `levelresourceassignment` (id_NetworkResource, id_LevelNetwork) VALUES ('2f916a50-f0b2-4a5e-81bb-7a689d7207f7', '400ff05d-6e67-441f-ad05-09fb90176c75');
INSERT INTO `levelresourceassignment` (id_NetworkResource, id_LevelNetwork) VALUES ('33fee6ba-08dd-4215-8370-375cd90f60e5', '400ff05d-6e67-441f-ad05-09fb90176c75');
INSERT INTO `levelresourceassignment` (id_NetworkResource, id_LevelNetwork) VALUES ('3ad943ed-1e60-40d4-80d2-0181bc9b712b', '400ff05d-6e67-441f-ad05-09fb90176c75');
INSERT INTO `levelresourceassignment` (id_NetworkResource, id_LevelNetwork) VALUES ('4b9e9aea-130a-4e52-a299-31f6bddc7627', '400ff05d-6e67-441f-ad05-09fb90176c75');
INSERT INTO `levelresourceassignment` (id_NetworkResource, id_LevelNetwork) VALUES ('57cb1234-4d6a-4b52-a458-c40774e6fefe', '400ff05d-6e67-441f-ad05-09fb90176c75');
INSERT INTO `levelresourceassignment` (id_NetworkResource, id_LevelNetwork) VALUES ('887a1848-5937-41db-a953-df5034273cad', '400ff05d-6e67-441f-ad05-09fb90176c75');
INSERT INTO `levelresourceassignment` (id_NetworkResource, id_LevelNetwork) VALUES ('88a94592-853b-4010-b73b-8e0f722b021f', '400ff05d-6e67-441f-ad05-09fb90176c75');
INSERT INTO `levelresourceassignment` (id_NetworkResource, id_LevelNetwork) VALUES ('8ecfe2fe-701c-4b4c-9cc8-b9d80e149726', '400ff05d-6e67-441f-ad05-09fb90176c75');
INSERT INTO `levelresourceassignment` (id_NetworkResource, id_LevelNetwork) VALUES ('8fd4275c-ad38-4af0-ad9f-5c11bbc701f0', '400ff05d-6e67-441f-ad05-09fb90176c75');
INSERT INTO `levelresourceassignment` (id_NetworkResource, id_LevelNetwork) VALUES ('920afcc4-7ceb-4eb9-96a3-5c146b48946e', '400ff05d-6e67-441f-ad05-09fb90176c75');
INSERT INTO `levelresourceassignment` (id_NetworkResource, id_LevelNetwork) VALUES ('9f5aea90-d268-466e-8b9c-032c4183a8d3', '400ff05d-6e67-441f-ad05-09fb90176c75');
INSERT INTO `levelresourceassignment` (id_NetworkResource, id_LevelNetwork) VALUES ('a0ed63cd-08ce-4386-b7f6-91028e2a00b2', '400ff05d-6e67-441f-ad05-09fb90176c75');
INSERT INTO `levelresourceassignment` (id_NetworkResource, id_LevelNetwork) VALUES ('a44e105a-2bcc-4071-ae65-41c1c7a554a5', '400ff05d-6e67-441f-ad05-09fb90176c75');
INSERT INTO `levelresourceassignment` (id_NetworkResource, id_LevelNetwork) VALUES ('a7bcf251-31d9-4ad1-84a3-8f78414d14bc', '400ff05d-6e67-441f-ad05-09fb90176c75');
INSERT INTO `levelresourceassignment` (id_NetworkResource, id_LevelNetwork) VALUES ('b03701dd-6d73-4e04-bc9d-f75c5fab068e', '400ff05d-6e67-441f-ad05-09fb90176c75');
INSERT INTO `levelresourceassignment` (id_NetworkResource, id_LevelNetwork) VALUES ('cb79cd85-bf6d-4721-92cf-e831cc1b9fbe', '400ff05d-6e67-441f-ad05-09fb90176c75');
INSERT INTO `levelresourceassignment` (id_NetworkResource, id_LevelNetwork) VALUES ('d87311d1-6618-4c4f-87e3-79a4b9467dfc', '400ff05d-6e67-441f-ad05-09fb90176c75');
INSERT INTO `levelresourceassignment` (id_NetworkResource, id_LevelNetwork) VALUES ('e27b2e79-8fbe-417c-a389-a20d34348580', '400ff05d-6e67-441f-ad05-09fb90176c75');
INSERT INTO `levelresourceassignment` (id_NetworkResource, id_LevelNetwork) VALUES ('e48942cd-f01c-4c2c-998a-4d7d8e8ac354', '400ff05d-6e67-441f-ad05-09fb90176c75');
INSERT INTO `levelresourceassignment` (id_NetworkResource, id_LevelNetwork) VALUES ('e59b6695-e707-478f-b58e-8138c950fa96', '400ff05d-6e67-441f-ad05-09fb90176c75');
INSERT INTO `levelresourceassignment` (id_NetworkResource, id_LevelNetwork) VALUES ('f30ea11d-2467-4dc4-bfeb-c82b3df5df3b', '400ff05d-6e67-441f-ad05-09fb90176c75');
INSERT INTO `levelresourceassignment` (id_NetworkResource, id_LevelNetwork) VALUES ('f786090f-654b-4785-a13b-c2926dfe038e', '400ff05d-6e67-441f-ad05-09fb90176c75');
INSERT INTO `levelresourceassignment` (id_NetworkResource, id_LevelNetwork) VALUES ('f8f7716a-54c3-4945-ba4a-c5a1753802e2', '400ff05d-6e67-441f-ad05-09fb90176c75');
INSERT INTO `levelresourceassignment` (id_NetworkResource, id_LevelNetwork) VALUES ('fde33595-b45e-49df-84f6-e3225cffe7f8', '400ff05d-6e67-441f-ad05-09fb90176c75');
INSERT INTO `linearelement` (id, length) VALUES ('9f5aea90-d268-466e-8b9c-032c4183a8d3', 10000.0);
INSERT INTO `locatednetentity` (id, id_EntityLocation_Primary) VALUES ('14b894cb-72f6-45da-b22b-168e3d6ba1f5', '08c1efb0-603f-4322-ab54-336d072c3463');
INSERT INTO `locatednetentity` (id, id_EntityLocation_Primary) VALUES ('d87311d1-6618-4c4f-87e3-79a4b9467dfc', '12d30e44-12d8-44fe-b8fd-535027a6d50c');
INSERT INTO `locatednetentity` (id, id_EntityLocation_Primary) VALUES ('a0ed63cd-08ce-4386-b7f6-91028e2a00b2', '187de3a6-a988-45df-8527-c8cbfbb0829e');
INSERT INTO `locatednetentity` (id, id_EntityLocation_Primary) VALUES ('259085ea-b8a8-4b7e-95e2-2e2a633a11e8', '21e2fed0-5c8b-48e6-8378-cee47ba74c6a');
INSERT INTO `locatednetentity` (id, id_EntityLocation_Primary) VALUES ('33fee6ba-08dd-4215-8370-375cd90f60e5', '357b97d0-4372-4fb0-b88a-34bd134cc3c0');
INSERT INTO `locatednetentity` (id, id_EntityLocation_Primary) VALUES ('57cb1234-4d6a-4b52-a458-c40774e6fefe', '38ea7202-070c-4c40-910d-8e95799f123f');
INSERT INTO `locatednetentity` (id, id_EntityLocation_Primary) VALUES ('e59b6695-e707-478f-b58e-8138c950fa96', '4e015053-7a61-44b7-a025-f2f317667e92');
INSERT INTO `locatednetentity` (id, id_EntityLocation_Primary) VALUES ('920afcc4-7ceb-4eb9-96a3-5c146b48946e', '52bd816e-0ab2-4826-95b4-f7cc369a6716');
INSERT INTO `locatednetentity` (id, id_EntityLocation_Primary) VALUES ('0e6cec43-1bb4-4e24-a0b0-8d1e45785962', '5c476edf-caf6-4482-95da-6df88ea1c1f9');
INSERT INTO `locatednetentity` (id, id_EntityLocation_Primary) VALUES ('f786090f-654b-4785-a13b-c2926dfe038e', '63326cb3-6b55-48bd-84dc-462f3f959e08');
INSERT INTO `locatednetentity` (id, id_EntityLocation_Primary) VALUES ('88a94592-853b-4010-b73b-8e0f722b021f', '65f773bf-5482-4ce8-bac7-326b7c4f06d3');
INSERT INTO `locatednetentity` (id, id_EntityLocation_Primary) VALUES ('1ae78cd6-7951-42ca-9b4c-2eda61c8b3f3', '6bd5a39b-6ec6-4be0-ae3d-0842efceb640');
INSERT INTO `locatednetentity` (id, id_EntityLocation_Primary) VALUES ('e48942cd-f01c-4c2c-998a-4d7d8e8ac354', '8317a7fb-7dd0-4a9f-8cc5-57332d4ab490');
INSERT INTO `locatednetentity` (id, id_EntityLocation_Primary) VALUES ('2f916a50-f0b2-4a5e-81bb-7a689d7207f7', '9d156751-9d2c-46d2-9cff-fb656f62a8fe');
INSERT INTO `locatednetentity` (id, id_EntityLocation_Primary) VALUES ('e27b2e79-8fbe-417c-a389-a20d34348580', 'b1f09257-4bc5-40a4-8bd5-30c3de972846');
INSERT INTO `locatednetentity` (id, id_EntityLocation_Primary) VALUES ('4b9e9aea-130a-4e52-a299-31f6bddc7627', 'c866d469-20b8-4ca3-a94b-20275b8d0648');
INSERT INTO `locatednetentity` (id, id_EntityLocation_Primary) VALUES ('b03701dd-6d73-4e04-bc9d-f75c5fab068e', 'ceadece9-0eb0-48db-adf2-5d3b235720ab');
INSERT INTO `locatednetentity` (id, id_EntityLocation_Primary) VALUES ('f30ea11d-2467-4dc4-bfeb-c82b3df5df3b', 'd494e868-a674-4bcc-882c-1fdee011675c');
INSERT INTO `locatednetentity` (id, id_EntityLocation_Primary) VALUES ('15b164e0-fc91-47de-952d-a68fe7c50ba9', 'dccda469-f4fe-463e-8f8d-524ffffc586f');
INSERT INTO `locatednetentity` (id, id_EntityLocation_Primary) VALUES ('887a1848-5937-41db-a953-df5034273cad', 'dcf3609a-cead-4e12-b073-19a252dd94cf');
INSERT INTO `locatednetentity` (id, id_EntityLocation_Primary) VALUES ('8fd4275c-ad38-4af0-ad9f-5c11bbc701f0', 'f72c00f1-145e-4bd7-a1a2-1809342fda5a');
INSERT INTO `locatednetentity` (id, id_EntityLocation_Primary) VALUES ('f8f7716a-54c3-4945-ba4a-c5a1753802e2', 'f7527116-3c1b-4e07-a8e9-658a353ec16c');
INSERT INTO `locationfeatureassignment` (id_AssociatedFeature, id_FunctionalLocation, sequence, keepsOrientation) VALUES ('06dd95d1-0cb2-424a-896e-be7bdf841eb1', 'f72c00f1-145e-4bd7-a1a2-1809342fda5a', 1, '1');
INSERT INTO `locationfeatureassignment` (id_AssociatedFeature, id_FunctionalLocation, sequence, keepsOrientation) VALUES ('08fa2f1f-21af-4e2b-9774-f6ea33e82eb2', '357b97d0-4372-4fb0-b88a-34bd134cc3c0', 1, '1');
INSERT INTO `locationfeatureassignment` (id_AssociatedFeature, id_FunctionalLocation, sequence, keepsOrientation) VALUES ('16574645-e2a3-414e-b92f-8aa3172372a9', '21e2fed0-5c8b-48e6-8378-cee47ba74c6a', 1, '1');
INSERT INTO `locationfeatureassignment` (id_AssociatedFeature, id_FunctionalLocation, sequence, keepsOrientation) VALUES ('1852e479-224d-4100-89eb-c0ce0dd9ae81', 'ceadece9-0eb0-48db-adf2-5d3b235720ab', 1, '1');
INSERT INTO `locationfeatureassignment` (id_AssociatedFeature, id_FunctionalLocation, sequence, keepsOrientation) VALUES ('1d966e87-9696-4da3-811b-ac1d61c977a4', '38ea7202-070c-4c40-910d-8e95799f123f', 1, '1');
INSERT INTO `locationfeatureassignment` (id_AssociatedFeature, id_FunctionalLocation, sequence, keepsOrientation) VALUES ('35f32f64-e725-4fcd-86f8-ccdedeac93e2', 'dccda469-f4fe-463e-8f8d-524ffffc586f', 1, '1');
INSERT INTO `locationfeatureassignment` (id_AssociatedFeature, id_FunctionalLocation, sequence, keepsOrientation) VALUES ('37f120a5-a43e-413b-bf16-3c544b66dc68', '65f773bf-5482-4ce8-bac7-326b7c4f06d3', 1, '1');
INSERT INTO `locationfeatureassignment` (id_AssociatedFeature, id_FunctionalLocation, sequence, keepsOrientation) VALUES ('477665e4-ee8c-42ad-b478-4f25d506bdd2', '5c476edf-caf6-4482-95da-6df88ea1c1f9', 1, '1');
INSERT INTO `locationfeatureassignment` (id_AssociatedFeature, id_FunctionalLocation, sequence, keepsOrientation) VALUES ('53158710-2d5f-4528-ba5a-14b8f4b75912', '8317a7fb-7dd0-4a9f-8cc5-57332d4ab490', 1, '1');
INSERT INTO `locationfeatureassignment` (id_AssociatedFeature, id_FunctionalLocation, sequence, keepsOrientation) VALUES ('87c94410-1739-45d3-8527-f70a5ef21d22', '6bd5a39b-6ec6-4be0-ae3d-0842efceb640', 1, '1');
INSERT INTO `locationfeatureassignment` (id_AssociatedFeature, id_FunctionalLocation, sequence, keepsOrientation) VALUES ('87c94410-1739-45d3-8527-f70a5ef21d22', 'dcf3609a-cead-4e12-b073-19a252dd94cf', 1, '1');
INSERT INTO `locationfeatureassignment` (id_AssociatedFeature, id_FunctionalLocation, sequence, keepsOrientation) VALUES ('a34cd767-7834-416f-9323-b4f61bad9249', '08c1efb0-603f-4322-ab54-336d072c3463', 1, '1');
INSERT INTO `locationfeatureassignment` (id_AssociatedFeature, id_FunctionalLocation, sequence, keepsOrientation) VALUES ('a43be22d-1219-4aa9-8419-970c595f6620', 'd494e868-a674-4bcc-882c-1fdee011675c', 1, '1');
INSERT INTO `locationfeatureassignment` (id_AssociatedFeature, id_FunctionalLocation, sequence, keepsOrientation) VALUES ('a4b1217c-4d19-4157-86cd-7d0ec8c892b3', '63326cb3-6b55-48bd-84dc-462f3f959e08', 1, '1');
INSERT INTO `locationfeatureassignment` (id_AssociatedFeature, id_FunctionalLocation, sequence, keepsOrientation) VALUES ('b3dbd7fa-3c0b-43e4-8078-1c05af08f96a', '187de3a6-a988-45df-8527-c8cbfbb0829e', 1, '1');
INSERT INTO `locationfeatureassignment` (id_AssociatedFeature, id_FunctionalLocation, sequence, keepsOrientation) VALUES ('be79a172-2796-45ef-af58-55b534064194', 'c866d469-20b8-4ca3-a94b-20275b8d0648', 1, '1');
INSERT INTO `locationfeatureassignment` (id_AssociatedFeature, id_FunctionalLocation, sequence, keepsOrientation) VALUES ('d1004a49-b10f-4d6c-8ad5-cfa5bbe7ea78', '4e015053-7a61-44b7-a025-f2f317667e92', 1, '1');
INSERT INTO `locationfeatureassignment` (id_AssociatedFeature, id_FunctionalLocation, sequence, keepsOrientation) VALUES ('e61cdaec-346d-4332-8338-3b1ff47c5162', 'f7527116-3c1b-4e07-a8e9-658a353ec16c', 1, '1');
INSERT INTO `locationfeatureassignment` (id_AssociatedFeature, id_FunctionalLocation, sequence, keepsOrientation) VALUES ('f450a176-8304-43be-99d1-94889e684a7b', 'b1f09257-4bc5-40a4-8bd5-30c3de972846', 1, '1');
INSERT INTO `locationfeatureassignment` (id_AssociatedFeature, id_FunctionalLocation, sequence, keepsOrientation) VALUES ('f492195c-f591-4903-9992-e60ed04923fd', '52bd816e-0ab2-4826-95b4-f7cc369a6716', 1, '1');
INSERT INTO `locationfeatureassignment` (id_AssociatedFeature, id_FunctionalLocation, sequence, keepsOrientation) VALUES ('f9ff8eff-312b-403c-b9e2-7a70a3f06313', '9d156751-9d2c-46d2-9cff-fb656f62a8fe', 1, '1');
INSERT INTO `locationfeatureassignment` (id_AssociatedFeature, id_FunctionalLocation, sequence, keepsOrientation) VALUES ('fc6c5401-288e-4585-bc7f-909d7a0224e4', '12d30e44-12d8-44fe-b8fd-535027a6d50c', 1, '1');
INSERT INTO `modularentity` (id) VALUES ('0e6cec43-1bb4-4e24-a0b0-8d1e45785962');
INSERT INTO `modularentity` (id) VALUES ('12a9fbaa-a938-4b7b-b8cd-021654ae15ad');
INSERT INTO `modularentity` (id) VALUES ('14b894cb-72f6-45da-b22b-168e3d6ba1f5');
INSERT INTO `modularentity` (id) VALUES ('15b164e0-fc91-47de-952d-a68fe7c50ba9');
INSERT INTO `modularentity` (id) VALUES ('33fee6ba-08dd-4215-8370-375cd90f60e5');
INSERT INTO `modularentity` (id) VALUES ('3ad943ed-1e60-40d4-80d2-0181bc9b712b');
INSERT INTO `modularentity` (id) VALUES ('4b9e9aea-130a-4e52-a299-31f6bddc7627');
INSERT INTO `modularentity` (id) VALUES ('57cb1234-4d6a-4b52-a458-c40774e6fefe');
INSERT INTO `modularentity` (id) VALUES ('887a1848-5937-41db-a953-df5034273cad');
INSERT INTO `modularentity` (id) VALUES ('88a94592-853b-4010-b73b-8e0f722b021f');
INSERT INTO `modularentity` (id) VALUES ('8ecfe2fe-701c-4b4c-9cc8-b9d80e149726');
INSERT INTO `modularentity` (id) VALUES ('8fd4275c-ad38-4af0-ad9f-5c11bbc701f0');
INSERT INTO `modularentity` (id) VALUES ('a0ed63cd-08ce-4386-b7f6-91028e2a00b2');
INSERT INTO `modularentity` (id) VALUES ('a44e105a-2bcc-4071-ae65-41c1c7a554a5');
INSERT INTO `modularentity` (id) VALUES ('a7bcf251-31d9-4ad1-84a3-8f78414d14bc');
INSERT INTO `modularentity` (id) VALUES ('b03701dd-6d73-4e04-bc9d-f75c5fab068e');
INSERT INTO `modularentity` (id) VALUES ('cb79cd85-bf6d-4721-92cf-e831cc1b9fbe');
INSERT INTO `modularentity` (id) VALUES ('d87311d1-6618-4c4f-87e3-79a4b9467dfc');
INSERT INTO `modularentity` (id) VALUES ('e27b2e79-8fbe-417c-a389-a20d34348580');
INSERT INTO `modularentity` (id) VALUES ('e48942cd-f01c-4c2c-998a-4d7d8e8ac354');
INSERT INTO `modularentity` (id) VALUES ('e59b6695-e707-478f-b58e-8138c950fa96');
INSERT INTO `modularentity` (id) VALUES ('fde33595-b45e-49df-84f6-e3225cffe7f8');
INSERT INTO `namedresource` (id, name, longname) VALUES ('06dd95d1-0cb2-424a-896e-be7bdf841eb1', 'PAssPt_8', 'Bod lokalizace balízy 1-1');
INSERT INTO `namedresource` (id, name, longname) VALUES ('08fa2f1f-21af-4e2b-9774-f6ea33e82eb2', 'PAssPt_9', 'Bod pro lokalizaci balízy 1-2');
INSERT INTO `namedresource` (id, name, longname) VALUES ('0e6cec43-1bb4-4e24-a0b0-8d1e45785962', 'XPBlse_14', 'Balíza 7-2');
INSERT INTO `namedresource` (id, name, longname) VALUES ('0e8c2da9-4c1c-4703-8367-2d5769bd3672', 'PAssPt_1', 'Zaèátek zkušebního úseku');
INSERT INTO `namedresource` (id, name, longname) VALUES ('12a9fbaa-a938-4b7b-b8cd-021654ae15ad', 'XPBaGr_2', 'Balízová skupina 2');
INSERT INTO `namedresource` (id, name, longname) VALUES ('14b894cb-72f6-45da-b22b-168e3d6ba1f5', 'XPBlse_10', 'Balíza 5-2');
INSERT INTO `namedresource` (id, name, longname) VALUES ('15b164e0-fc91-47de-952d-a68fe7c50ba9', 'XPBlse_4', 'Balíza 2-2');
INSERT INTO `namedresource` (id, name, longname) VALUES ('16574645-e2a3-414e-b92f-8aa3172372a9', 'PAssSg_5', 'Segment pro lokalizaci klesání 1');
INSERT INTO `namedresource` (id, name, longname) VALUES ('1852e479-224d-4100-89eb-c0ce0dd9ae81', 'PAssPt_16', 'Bod pro lokalizaci balízy 5-1');
INSERT INTO `namedresource` (id, name, longname) VALUES ('1ae78cd6-7951-42ca-9b4c-2eda61c8b3f3', 'XGStHC_1', 'Zkušební pøímá');
INSERT INTO `namedresource` (id, name, longname) VALUES ('1d966e87-9696-4da3-811b-ac1d61c977a4', 'PAssPt_10', 'Bod pro lokalizaci balízy 2-1');
INSERT INTO `namedresource` (id, name, longname) VALUES ('259085ea-b8a8-4b7e-95e2-2e2a633a11e8', 'XGStVC_4', 'Klesání 1');
INSERT INTO `namedresource` (id, name, longname) VALUES ('2f916a50-f0b2-4a5e-81bb-7a689d7207f7', 'XGStVC_5', 'Stoupání 2');
INSERT INTO `namedresource` (id, name, longname) VALUES ('33fee6ba-08dd-4215-8370-375cd90f60e5', 'XPBlse_2', 'Balíza 1-2');
INSERT INTO `namedresource` (id, name, longname) VALUES ('35f32f64-e725-4fcd-86f8-ccdedeac93e2', 'PAssPt_11', 'Bod pro lokalizaci balízy 2-2');
INSERT INTO `namedresource` (id, name, longname) VALUES ('37f120a5-a43e-413b-bf16-3c544b66dc68', 'PAssPt_20', 'Bod pro lokalizaci balízy 7-1');
INSERT INTO `namedresource` (id, name, longname) VALUES ('3ad943ed-1e60-40d4-80d2-0181bc9b712b', 'XPBaGr_3', 'Balízová skupina 3');
INSERT INTO `namedresource` (id, name, longname) VALUES ('3e1a8de4-23ca-4af4-9bc8-37c144f56018', 'NNetwk_1', 'Zkušební sí');
INSERT INTO `namedresource` (id, name, longname) VALUES ('477665e4-ee8c-42ad-b478-4f25d506bdd2', 'PAssPt_21', 'Bod pro lokalizaci balízy 7-2');
INSERT INTO `namedresource` (id, name, longname) VALUES ('4b9e9aea-130a-4e52-a299-31f6bddc7627', 'XPBlse_12', 'Balíza 6-2');
INSERT INTO `namedresource` (id, name, longname) VALUES ('53158710-2d5f-4528-ba5a-14b8f4b75912', 'PAssPt_15', 'Bod pro lokalizaci balízy 4-2');
INSERT INTO `namedresource` (id, name, longname) VALUES ('57c783f2-a5f8-456a-99fe-53909e02b16a', 'PAssPt_4', 'Bod zmìny sklonu 2');
INSERT INTO `namedresource` (id, name, longname) VALUES ('57cb1234-4d6a-4b52-a458-c40774e6fefe', 'XPBlse_3', 'Balíza 2-1');
INSERT INTO `namedresource` (id, name, longname) VALUES ('58af1adc-c998-43c3-9671-73a0cc42984a', 'PGeoPS_1', 'Geometrický_souøadnicový_systém');
INSERT INTO `namedresource` (id, name, longname) VALUES ('83d26459-a915-4307-8030-e916ae0dc15a', 'PAssPt_7', 'Bod zmìny sklonu 5');
INSERT INTO `namedresource` (id, name, longname) VALUES ('87c94410-1739-45d3-8527-f70a5ef21d22', 'PAssSg_1', 'Segment pro lokalizaci zkušební pøímé');
INSERT INTO `namedresource` (id, name, longname) VALUES ('887a1848-5937-41db-a953-df5034273cad', 'XOSpSc_1', 'Úsek rychlosti 1');
INSERT INTO `namedresource` (id, name, longname) VALUES ('88a94592-853b-4010-b73b-8e0f722b021f', 'XPBlse_13', 'Balíza 7-1');
INSERT INTO `namedresource` (id, name, longname) VALUES ('8ecfe2fe-701c-4b4c-9cc8-b9d80e149726', 'XPBaGr_4', 'Balízová skupina 4');
INSERT INTO `namedresource` (id, name, longname) VALUES ('8fd4275c-ad38-4af0-ad9f-5c11bbc701f0', 'XPBlse_1', 'Balíza 1-1');
INSERT INTO `namedresource` (id, name, longname) VALUES ('920afcc4-7ceb-4eb9-96a3-5c146b48946e', 'XGStVC_2', 'Stoupání 1');
INSERT INTO `namedresource` (id, name, longname) VALUES ('99673cd4-3f49-4919-864d-dd9f2f8ef52f', 'PAssPt_5', 'Bod zmìny sklonu 3');
INSERT INTO `namedresource` (id, name, longname) VALUES ('9f5aea90-d268-466e-8b9c-032c4183a8d3', 'TLinEl_1', 'Zkušební úsek');
INSERT INTO `namedresource` (id, name, longname) VALUES ('a0ed63cd-08ce-4386-b7f6-91028e2a00b2', 'XPBlse_7', 'Balíza 4-1');
INSERT INTO `namedresource` (id, name, longname) VALUES ('a34cd767-7834-416f-9323-b4f61bad9249', 'PAssPt_17', 'Bod pro lokalizaci balízy 5-2');
INSERT INTO `namedresource` (id, name, longname) VALUES ('a43be22d-1219-4aa9-8419-970c595f6620', 'PAssSg_2', 'Segment pro lokalizaci vodorovného úseku 1');
INSERT INTO `namedresource` (id, name, longname) VALUES ('a44e105a-2bcc-4071-ae65-41c1c7a554a5', 'XPBaGr_7', 'Balízová skupina 7');
INSERT INTO `namedresource` (id, name, longname) VALUES ('a4b1217c-4d19-4157-86cd-7d0ec8c892b3', 'PAssSg_4', 'Segment pro lokalizaci vodorovného úseku 2');
INSERT INTO `namedresource` (id, name, longname) VALUES ('a7bcf251-31d9-4ad1-84a3-8f78414d14bc', 'XPBaGr_6', 'Balízová skupina 6');
INSERT INTO `namedresource` (id, name, longname) VALUES ('b03701dd-6d73-4e04-bc9d-f75c5fab068e', 'XPBlse_9', 'Balíza 5-1');
INSERT INTO `namedresource` (id, name, longname) VALUES ('b3dbd7fa-3c0b-43e4-8078-1c05af08f96a', 'PAssPt_14', 'Bod pro lokalizaci balízy 4-1');
INSERT INTO `namedresource` (id, name, longname) VALUES ('bb143ba4-40fb-4c40-9613-5b384ae39b13', 'PAssPt_6', 'Bod zmìny sklonu 4');
INSERT INTO `namedresource` (id, name, longname) VALUES ('be79a172-2796-45ef-af58-55b534064194', 'PAssPt_19', 'Bod pro lokalizaci balízy 6-2');
INSERT INTO `namedresource` (id, name, longname) VALUES ('cb79cd85-bf6d-4721-92cf-e831cc1b9fbe', 'XPBaGr_5', 'Balízová skupina 5');
INSERT INTO `namedresource` (id, name, longname) VALUES ('d1004a49-b10f-4d6c-8ad5-cfa5bbe7ea78', 'PAssPt_13', 'Bod pro lokalizaci balízy 3-2');
INSERT INTO `namedresource` (id, name, longname) VALUES ('d87311d1-6618-4c4f-87e3-79a4b9467dfc', 'XPBlse_5', 'Balíza 3-1');
INSERT INTO `namedresource` (id, name, longname) VALUES ('dfe6a222-4b7a-445a-8332-25872d462190', 'PAssPt_2', 'Konec zkušebního úseku');
INSERT INTO `namedresource` (id, name, longname) VALUES ('e27b2e79-8fbe-417c-a389-a20d34348580', 'XPBlse_11', 'Balíza 6-1');
INSERT INTO `namedresource` (id, name, longname) VALUES ('e48942cd-f01c-4c2c-998a-4d7d8e8ac354', 'XPBlse_8', 'Balíza 4-2');
INSERT INTO `namedresource` (id, name, longname) VALUES ('e59b6695-e707-478f-b58e-8138c950fa96', 'XPBlse_6', 'Balíza 3-2');
INSERT INTO `namedresource` (id, name, longname) VALUES ('e61cdaec-346d-4332-8338-3b1ff47c5162', 'PAssSg_7', 'Segment pro lokalizaci vodorovného úseku 3');
INSERT INTO `namedresource` (id, name, longname) VALUES ('e9d725c9-8511-4f72-aec0-ab8c9452f9e6', 'PAssPt_3', 'Bod zmìny sklonu 1');
INSERT INTO `namedresource` (id, name, longname) VALUES ('f30ea11d-2467-4dc4-bfeb-c82b3df5df3b', 'XGStVC_1', 'Vodorovný úsek 1');
INSERT INTO `namedresource` (id, name, longname) VALUES ('f450a176-8304-43be-99d1-94889e684a7b', 'PAssPt_18', 'Bod pro lokalizaci balízy 6-1');
INSERT INTO `namedresource` (id, name, longname) VALUES ('f492195c-f591-4903-9992-e60ed04923fd', 'PAssSg_3', 'Segment pro lokalizaci stoupání 1');
INSERT INTO `namedresource` (id, name, longname) VALUES ('f786090f-654b-4785-a13b-c2926dfe038e', 'XGStVC_3', 'Vodorovný úsek 2');
INSERT INTO `namedresource` (id, name, longname) VALUES ('f8f7716a-54c3-4945-ba4a-c5a1753802e2', 'XGStVC_6', 'Vodorovný úsek 3');
INSERT INTO `namedresource` (id, name, longname) VALUES ('f9ff8eff-312b-403c-b9e2-7a70a3f06313', 'PAssSg_6', 'Segment pro lokalizaci stoupání 2');
INSERT INTO `namedresource` (id, name, longname) VALUES ('fc6c5401-288e-4585-bc7f-909d7a0224e4', 'PAssPt_12', 'Bod pro lokalizaci balízy 3-1');
INSERT INTO `namedresource` (id, name, longname) VALUES ('fde33595-b45e-49df-84f6-e3225cffe7f8', 'XPBaGr_1', 'Balízová skupina 1');
INSERT INTO `netelement` (id) VALUES ('9f5aea90-d268-466e-8b9c-032c4183a8d3');
INSERT INTO `netentity` (id, id_NetEntity_Template, derivationRule) VALUES ('0e6cec43-1bb4-4e24-a0b0-8d1e45785962', '', '');
INSERT INTO `netentity` (id, id_NetEntity_Template, derivationRule) VALUES ('12a9fbaa-a938-4b7b-b8cd-021654ae15ad', '', '');
INSERT INTO `netentity` (id, id_NetEntity_Template, derivationRule) VALUES ('14b894cb-72f6-45da-b22b-168e3d6ba1f5', '', '');
INSERT INTO `netentity` (id, id_NetEntity_Template, derivationRule) VALUES ('15b164e0-fc91-47de-952d-a68fe7c50ba9', '', '');
INSERT INTO `netentity` (id, id_NetEntity_Template, derivationRule) VALUES ('1ae78cd6-7951-42ca-9b4c-2eda61c8b3f3', '', '');
INSERT INTO `netentity` (id, id_NetEntity_Template, derivationRule) VALUES ('259085ea-b8a8-4b7e-95e2-2e2a633a11e8', '', '');
INSERT INTO `netentity` (id, id_NetEntity_Template, derivationRule) VALUES ('2f916a50-f0b2-4a5e-81bb-7a689d7207f7', '', '');
INSERT INTO `netentity` (id, id_NetEntity_Template, derivationRule) VALUES ('33fee6ba-08dd-4215-8370-375cd90f60e5', '', '');
INSERT INTO `netentity` (id, id_NetEntity_Template, derivationRule) VALUES ('3ad943ed-1e60-40d4-80d2-0181bc9b712b', '', '');
INSERT INTO `netentity` (id, id_NetEntity_Template, derivationRule) VALUES ('4b9e9aea-130a-4e52-a299-31f6bddc7627', '', '');
INSERT INTO `netentity` (id, id_NetEntity_Template, derivationRule) VALUES ('57cb1234-4d6a-4b52-a458-c40774e6fefe', '', '');
INSERT INTO `netentity` (id, id_NetEntity_Template, derivationRule) VALUES ('887a1848-5937-41db-a953-df5034273cad', '', '');
INSERT INTO `netentity` (id, id_NetEntity_Template, derivationRule) VALUES ('88a94592-853b-4010-b73b-8e0f722b021f', '', '');
INSERT INTO `netentity` (id, id_NetEntity_Template, derivationRule) VALUES ('8ecfe2fe-701c-4b4c-9cc8-b9d80e149726', '', '');
INSERT INTO `netentity` (id, id_NetEntity_Template, derivationRule) VALUES ('8fd4275c-ad38-4af0-ad9f-5c11bbc701f0', '', '');
INSERT INTO `netentity` (id, id_NetEntity_Template, derivationRule) VALUES ('920afcc4-7ceb-4eb9-96a3-5c146b48946e', '', '');
INSERT INTO `netentity` (id, id_NetEntity_Template, derivationRule) VALUES ('a0ed63cd-08ce-4386-b7f6-91028e2a00b2', '', '');
INSERT INTO `netentity` (id, id_NetEntity_Template, derivationRule) VALUES ('a44e105a-2bcc-4071-ae65-41c1c7a554a5', '', '');
INSERT INTO `netentity` (id, id_NetEntity_Template, derivationRule) VALUES ('a7bcf251-31d9-4ad1-84a3-8f78414d14bc', '', '');
INSERT INTO `netentity` (id, id_NetEntity_Template, derivationRule) VALUES ('b03701dd-6d73-4e04-bc9d-f75c5fab068e', '', '');
INSERT INTO `netentity` (id, id_NetEntity_Template, derivationRule) VALUES ('cb79cd85-bf6d-4721-92cf-e831cc1b9fbe', '', '');
INSERT INTO `netentity` (id, id_NetEntity_Template, derivationRule) VALUES ('d87311d1-6618-4c4f-87e3-79a4b9467dfc', '', '');
INSERT INTO `netentity` (id, id_NetEntity_Template, derivationRule) VALUES ('e27b2e79-8fbe-417c-a389-a20d34348580', '', '');
INSERT INTO `netentity` (id, id_NetEntity_Template, derivationRule) VALUES ('e48942cd-f01c-4c2c-998a-4d7d8e8ac354', '', '');
INSERT INTO `netentity` (id, id_NetEntity_Template, derivationRule) VALUES ('e59b6695-e707-478f-b58e-8138c950fa96', '', '');
INSERT INTO `netentity` (id, id_NetEntity_Template, derivationRule) VALUES ('f30ea11d-2467-4dc4-bfeb-c82b3df5df3b', '', '');
INSERT INTO `netentity` (id, id_NetEntity_Template, derivationRule) VALUES ('f786090f-654b-4785-a13b-c2926dfe038e', '', '');
INSERT INTO `netentity` (id, id_NetEntity_Template, derivationRule) VALUES ('f8f7716a-54c3-4945-ba4a-c5a1753802e2', '', '');
INSERT INTO `netentity` (id, id_NetEntity_Template, derivationRule) VALUES ('fde33595-b45e-49df-84f6-e3225cffe7f8', '', '');
INSERT INTO `network` (id) VALUES ('3e1a8de4-23ca-4af4-9bc8-37c144f56018');
INSERT INTO `networklevelassignment` (id_LevelNetwork, id_Network) VALUES ('400ff05d-6e67-441f-ad05-09fb90176c75', '3e1a8de4-23ca-4af4-9bc8-37c144f56018');
INSERT INTO `networklevelassignment` (id_LevelNetwork, id_Network) VALUES ('4a471d80-3559-46d9-b39c-1ec5ab4d6703', '3e1a8de4-23ca-4af4-9bc8-37c144f56018');
INSERT INTO `networkresource` (id) VALUES ('0e6cec43-1bb4-4e24-a0b0-8d1e45785962');
INSERT INTO `networkresource` (id) VALUES ('12a9fbaa-a938-4b7b-b8cd-021654ae15ad');
INSERT INTO `networkresource` (id) VALUES ('14b894cb-72f6-45da-b22b-168e3d6ba1f5');
INSERT INTO `networkresource` (id) VALUES ('15b164e0-fc91-47de-952d-a68fe7c50ba9');
INSERT INTO `networkresource` (id) VALUES ('1ae78cd6-7951-42ca-9b4c-2eda61c8b3f3');
INSERT INTO `networkresource` (id) VALUES ('259085ea-b8a8-4b7e-95e2-2e2a633a11e8');
INSERT INTO `networkresource` (id) VALUES ('2f916a50-f0b2-4a5e-81bb-7a689d7207f7');
INSERT INTO `networkresource` (id) VALUES ('33fee6ba-08dd-4215-8370-375cd90f60e5');
INSERT INTO `networkresource` (id) VALUES ('3ad943ed-1e60-40d4-80d2-0181bc9b712b');
INSERT INTO `networkresource` (id) VALUES ('4b9e9aea-130a-4e52-a299-31f6bddc7627');
INSERT INTO `networkresource` (id) VALUES ('57cb1234-4d6a-4b52-a458-c40774e6fefe');
INSERT INTO `networkresource` (id) VALUES ('887a1848-5937-41db-a953-df5034273cad');
INSERT INTO `networkresource` (id) VALUES ('88a94592-853b-4010-b73b-8e0f722b021f');
INSERT INTO `networkresource` (id) VALUES ('8ecfe2fe-701c-4b4c-9cc8-b9d80e149726');
INSERT INTO `networkresource` (id) VALUES ('8fd4275c-ad38-4af0-ad9f-5c11bbc701f0');
INSERT INTO `networkresource` (id) VALUES ('920afcc4-7ceb-4eb9-96a3-5c146b48946e');
INSERT INTO `networkresource` (id) VALUES ('9f5aea90-d268-466e-8b9c-032c4183a8d3');
INSERT INTO `networkresource` (id) VALUES ('a0ed63cd-08ce-4386-b7f6-91028e2a00b2');
INSERT INTO `networkresource` (id) VALUES ('a44e105a-2bcc-4071-ae65-41c1c7a554a5');
INSERT INTO `networkresource` (id) VALUES ('a7bcf251-31d9-4ad1-84a3-8f78414d14bc');
INSERT INTO `networkresource` (id) VALUES ('b03701dd-6d73-4e04-bc9d-f75c5fab068e');
INSERT INTO `networkresource` (id) VALUES ('cb79cd85-bf6d-4721-92cf-e831cc1b9fbe');
INSERT INTO `networkresource` (id) VALUES ('d87311d1-6618-4c4f-87e3-79a4b9467dfc');
INSERT INTO `networkresource` (id) VALUES ('e27b2e79-8fbe-417c-a389-a20d34348580');
INSERT INTO `networkresource` (id) VALUES ('e48942cd-f01c-4c2c-998a-4d7d8e8ac354');
INSERT INTO `networkresource` (id) VALUES ('e59b6695-e707-478f-b58e-8138c950fa96');
INSERT INTO `networkresource` (id) VALUES ('f30ea11d-2467-4dc4-bfeb-c82b3df5df3b');
INSERT INTO `networkresource` (id) VALUES ('f786090f-654b-4785-a13b-c2926dfe038e');
INSERT INTO `networkresource` (id) VALUES ('f8f7716a-54c3-4945-ba4a-c5a1753802e2');
INSERT INTO `networkresource` (id) VALUES ('fde33595-b45e-49df-84f6-e3225cffe7f8');
INSERT INTO `networkresourceassignment` (id_NetworkResource, id_Network) VALUES ('0e6cec43-1bb4-4e24-a0b0-8d1e45785962', '3e1a8de4-23ca-4af4-9bc8-37c144f56018');
INSERT INTO `networkresourceassignment` (id_NetworkResource, id_Network) VALUES ('12a9fbaa-a938-4b7b-b8cd-021654ae15ad', '3e1a8de4-23ca-4af4-9bc8-37c144f56018');
INSERT INTO `networkresourceassignment` (id_NetworkResource, id_Network) VALUES ('14b894cb-72f6-45da-b22b-168e3d6ba1f5', '3e1a8de4-23ca-4af4-9bc8-37c144f56018');
INSERT INTO `networkresourceassignment` (id_NetworkResource, id_Network) VALUES ('15b164e0-fc91-47de-952d-a68fe7c50ba9', '3e1a8de4-23ca-4af4-9bc8-37c144f56018');
INSERT INTO `networkresourceassignment` (id_NetworkResource, id_Network) VALUES ('1ae78cd6-7951-42ca-9b4c-2eda61c8b3f3', '3e1a8de4-23ca-4af4-9bc8-37c144f56018');
INSERT INTO `networkresourceassignment` (id_NetworkResource, id_Network) VALUES ('259085ea-b8a8-4b7e-95e2-2e2a633a11e8', '3e1a8de4-23ca-4af4-9bc8-37c144f56018');
INSERT INTO `networkresourceassignment` (id_NetworkResource, id_Network) VALUES ('2f916a50-f0b2-4a5e-81bb-7a689d7207f7', '3e1a8de4-23ca-4af4-9bc8-37c144f56018');
INSERT INTO `networkresourceassignment` (id_NetworkResource, id_Network) VALUES ('33fee6ba-08dd-4215-8370-375cd90f60e5', '3e1a8de4-23ca-4af4-9bc8-37c144f56018');
INSERT INTO `networkresourceassignment` (id_NetworkResource, id_Network) VALUES ('3ad943ed-1e60-40d4-80d2-0181bc9b712b', '3e1a8de4-23ca-4af4-9bc8-37c144f56018');
INSERT INTO `networkresourceassignment` (id_NetworkResource, id_Network) VALUES ('4b9e9aea-130a-4e52-a299-31f6bddc7627', '3e1a8de4-23ca-4af4-9bc8-37c144f56018');
INSERT INTO `networkresourceassignment` (id_NetworkResource, id_Network) VALUES ('57cb1234-4d6a-4b52-a458-c40774e6fefe', '3e1a8de4-23ca-4af4-9bc8-37c144f56018');
INSERT INTO `networkresourceassignment` (id_NetworkResource, id_Network) VALUES ('887a1848-5937-41db-a953-df5034273cad', '3e1a8de4-23ca-4af4-9bc8-37c144f56018');
INSERT INTO `networkresourceassignment` (id_NetworkResource, id_Network) VALUES ('88a94592-853b-4010-b73b-8e0f722b021f', '3e1a8de4-23ca-4af4-9bc8-37c144f56018');
INSERT INTO `networkresourceassignment` (id_NetworkResource, id_Network) VALUES ('8ecfe2fe-701c-4b4c-9cc8-b9d80e149726', '3e1a8de4-23ca-4af4-9bc8-37c144f56018');
INSERT INTO `networkresourceassignment` (id_NetworkResource, id_Network) VALUES ('8fd4275c-ad38-4af0-ad9f-5c11bbc701f0', '3e1a8de4-23ca-4af4-9bc8-37c144f56018');
INSERT INTO `networkresourceassignment` (id_NetworkResource, id_Network) VALUES ('920afcc4-7ceb-4eb9-96a3-5c146b48946e', '3e1a8de4-23ca-4af4-9bc8-37c144f56018');
INSERT INTO `networkresourceassignment` (id_NetworkResource, id_Network) VALUES ('9f5aea90-d268-466e-8b9c-032c4183a8d3', '3e1a8de4-23ca-4af4-9bc8-37c144f56018');
INSERT INTO `networkresourceassignment` (id_NetworkResource, id_Network) VALUES ('a0ed63cd-08ce-4386-b7f6-91028e2a00b2', '3e1a8de4-23ca-4af4-9bc8-37c144f56018');
INSERT INTO `networkresourceassignment` (id_NetworkResource, id_Network) VALUES ('a44e105a-2bcc-4071-ae65-41c1c7a554a5', '3e1a8de4-23ca-4af4-9bc8-37c144f56018');
INSERT INTO `networkresourceassignment` (id_NetworkResource, id_Network) VALUES ('a7bcf251-31d9-4ad1-84a3-8f78414d14bc', '3e1a8de4-23ca-4af4-9bc8-37c144f56018');
INSERT INTO `networkresourceassignment` (id_NetworkResource, id_Network) VALUES ('b03701dd-6d73-4e04-bc9d-f75c5fab068e', '3e1a8de4-23ca-4af4-9bc8-37c144f56018');
INSERT INTO `networkresourceassignment` (id_NetworkResource, id_Network) VALUES ('cb79cd85-bf6d-4721-92cf-e831cc1b9fbe', '3e1a8de4-23ca-4af4-9bc8-37c144f56018');
INSERT INTO `networkresourceassignment` (id_NetworkResource, id_Network) VALUES ('d87311d1-6618-4c4f-87e3-79a4b9467dfc', '3e1a8de4-23ca-4af4-9bc8-37c144f56018');
INSERT INTO `networkresourceassignment` (id_NetworkResource, id_Network) VALUES ('e27b2e79-8fbe-417c-a389-a20d34348580', '3e1a8de4-23ca-4af4-9bc8-37c144f56018');
INSERT INTO `networkresourceassignment` (id_NetworkResource, id_Network) VALUES ('e48942cd-f01c-4c2c-998a-4d7d8e8ac354', '3e1a8de4-23ca-4af4-9bc8-37c144f56018');
INSERT INTO `networkresourceassignment` (id_NetworkResource, id_Network) VALUES ('e59b6695-e707-478f-b58e-8138c950fa96', '3e1a8de4-23ca-4af4-9bc8-37c144f56018');
INSERT INTO `networkresourceassignment` (id_NetworkResource, id_Network) VALUES ('f30ea11d-2467-4dc4-bfeb-c82b3df5df3b', '3e1a8de4-23ca-4af4-9bc8-37c144f56018');
INSERT INTO `networkresourceassignment` (id_NetworkResource, id_Network) VALUES ('f786090f-654b-4785-a13b-c2926dfe038e', '3e1a8de4-23ca-4af4-9bc8-37c144f56018');
INSERT INTO `networkresourceassignment` (id_NetworkResource, id_Network) VALUES ('f8f7716a-54c3-4945-ba4a-c5a1753802e2', '3e1a8de4-23ca-4af4-9bc8-37c144f56018');
INSERT INTO `networkresourceassignment` (id_NetworkResource, id_Network) VALUES ('fde33595-b45e-49df-84f6-e3225cffe7f8', '3e1a8de4-23ca-4af4-9bc8-37c144f56018');
INSERT INTO `operationalentity` (id) VALUES ('887a1848-5937-41db-a953-df5034273cad');
INSERT INTO `positioningnetelement` (id) VALUES ('9f5aea90-d268-466e-8b9c-032c4183a8d3');
INSERT INTO `positioningsystem` (id) VALUES ('58af1adc-c998-43c3-9671-73a0cc42984a');
INSERT INTO `speedsection` (id, maxSpeed) VALUES ('887a1848-5937-41db-a953-df5034273cad', 120.0);
INSERT INTO `straighthc` (id, horizontalLength) VALUES ('1ae78cd6-7951-42ca-9b4c-2eda61c8b3f3', 10000.0);
INSERT INTO `straightvc` (id) VALUES ('259085ea-b8a8-4b7e-95e2-2e2a633a11e8');
INSERT INTO `straightvc` (id) VALUES ('2f916a50-f0b2-4a5e-81bb-7a689d7207f7');
INSERT INTO `straightvc` (id) VALUES ('920afcc4-7ceb-4eb9-96a3-5c146b48946e');
INSERT INTO `straightvc` (id) VALUES ('f30ea11d-2467-4dc4-bfeb-c82b3df5df3b');
INSERT INTO `straightvc` (id) VALUES ('f786090f-654b-4785-a13b-c2926dfe038e');
INSERT INTO `straightvc` (id) VALUES ('f8f7716a-54c3-4945-ba4a-c5a1753802e2');
INSERT INTO `trainprotectionentity` (id) VALUES ('0e6cec43-1bb4-4e24-a0b0-8d1e45785962');
INSERT INTO `trainprotectionentity` (id) VALUES ('12a9fbaa-a938-4b7b-b8cd-021654ae15ad');
INSERT INTO `trainprotectionentity` (id) VALUES ('14b894cb-72f6-45da-b22b-168e3d6ba1f5');
INSERT INTO `trainprotectionentity` (id) VALUES ('15b164e0-fc91-47de-952d-a68fe7c50ba9');
INSERT INTO `trainprotectionentity` (id) VALUES ('33fee6ba-08dd-4215-8370-375cd90f60e5');
INSERT INTO `trainprotectionentity` (id) VALUES ('3ad943ed-1e60-40d4-80d2-0181bc9b712b');
INSERT INTO `trainprotectionentity` (id) VALUES ('4b9e9aea-130a-4e52-a299-31f6bddc7627');
INSERT INTO `trainprotectionentity` (id) VALUES ('57cb1234-4d6a-4b52-a458-c40774e6fefe');
INSERT INTO `trainprotectionentity` (id) VALUES ('88a94592-853b-4010-b73b-8e0f722b021f');
INSERT INTO `trainprotectionentity` (id) VALUES ('8ecfe2fe-701c-4b4c-9cc8-b9d80e149726');
INSERT INTO `trainprotectionentity` (id) VALUES ('8fd4275c-ad38-4af0-ad9f-5c11bbc701f0');
INSERT INTO `trainprotectionentity` (id) VALUES ('a0ed63cd-08ce-4386-b7f6-91028e2a00b2');
INSERT INTO `trainprotectionentity` (id) VALUES ('a44e105a-2bcc-4071-ae65-41c1c7a554a5');
INSERT INTO `trainprotectionentity` (id) VALUES ('a7bcf251-31d9-4ad1-84a3-8f78414d14bc');
INSERT INTO `trainprotectionentity` (id) VALUES ('b03701dd-6d73-4e04-bc9d-f75c5fab068e');
INSERT INTO `trainprotectionentity` (id) VALUES ('cb79cd85-bf6d-4721-92cf-e831cc1b9fbe');
INSERT INTO `trainprotectionentity` (id) VALUES ('d87311d1-6618-4c4f-87e3-79a4b9467dfc');
INSERT INTO `trainprotectionentity` (id) VALUES ('e27b2e79-8fbe-417c-a389-a20d34348580');
INSERT INTO `trainprotectionentity` (id) VALUES ('e48942cd-f01c-4c2c-998a-4d7d8e8ac354');
INSERT INTO `trainprotectionentity` (id) VALUES ('e59b6695-e707-478f-b58e-8138c950fa96');
INSERT INTO `trainprotectionentity` (id) VALUES ('fde33595-b45e-49df-84f6-e3225cffe7f8');
INSERT INTO `verticalcurve` (id, horizontalLength, elevation0, deltaElevation) VALUES ('259085ea-b8a8-4b7e-95e2-2e2a633a11e8', 1500.0, 15.3, -9.0);
INSERT INTO `verticalcurve` (id, horizontalLength, elevation0, deltaElevation) VALUES ('2f916a50-f0b2-4a5e-81bb-7a689d7207f7', 2100.0, 6.3, 16.8);
INSERT INTO `verticalcurve` (id, horizontalLength, elevation0, deltaElevation) VALUES ('920afcc4-7ceb-4eb9-96a3-5c146b48946e', 1700.0, 0.0, 15.3);
INSERT INTO `verticalcurve` (id, horizontalLength, elevation0, deltaElevation) VALUES ('f30ea11d-2467-4dc4-bfeb-c82b3df5df3b', 1800.0, 0.0, 0.0);
INSERT INTO `verticalcurve` (id, horizontalLength, elevation0, deltaElevation) VALUES ('f786090f-654b-4785-a13b-c2926dfe038e', 2000.0, 15.3, 0.0);
INSERT INTO `verticalcurve` (id, horizontalLength, elevation0, deltaElevation) VALUES ('f8f7716a-54c3-4945-ba4a-c5a1753802e2', 900.0, 23.1, 0.0);
