DELETE FROM `associatedfeature`;
INSERT INTO `associatedfeature` (id) VALUES ('06dd95d1-0cb2-424a-896e-be7bdf841eb1');
INSERT INTO `associatedfeature` (id) VALUES ('08fa2f1f-21af-4e2b-9774-f6ea33e82eb2');
INSERT INTO `associatedfeature` (id) VALUES ('0e8c2da9-4c1c-4703-8367-2d5769bd3672');
INSERT INTO `associatedfeature` (id) VALUES ('16574645-e2a3-414e-b92f-8aa3172372a9');
INSERT INTO `associatedfeature` (id) VALUES ('1852e479-224d-4100-89eb-c0ce0dd9ae81');
INSERT INTO `associatedfeature` (id) VALUES ('1d966e87-9696-4da3-811b-ac1d61c977a4');
INSERT INTO `associatedfeature` (id) VALUES ('35f32f64-e725-4fcd-86f8-ccdedeac93e2');
INSERT INTO `associatedfeature` (id) VALUES ('37f120a5-a43e-413b-bf16-3c544b66dc68');
INSERT INTO `associatedfeature` (id) VALUES ('477665e4-ee8c-42ad-b478-4f25d506bdd2');
INSERT INTO `associatedfeature` (id) VALUES ('53158710-2d5f-4528-ba5a-14b8f4b75912');
INSERT INTO `associatedfeature` (id) VALUES ('57c783f2-a5f8-456a-99fe-53909e02b16a');
INSERT INTO `associatedfeature` (id) VALUES ('83d26459-a915-4307-8030-e916ae0dc15a');
INSERT INTO `associatedfeature` (id) VALUES ('87c94410-1739-45d3-8527-f70a5ef21d22');
INSERT INTO `associatedfeature` (id) VALUES ('99673cd4-3f49-4919-864d-dd9f2f8ef52f');
INSERT INTO `associatedfeature` (id) VALUES ('a34cd767-7834-416f-9323-b4f61bad9249');
INSERT INTO `associatedfeature` (id) VALUES ('a43be22d-1219-4aa9-8419-970c595f6620');
INSERT INTO `associatedfeature` (id) VALUES ('a4b1217c-4d19-4157-86cd-7d0ec8c892b3');
INSERT INTO `associatedfeature` (id) VALUES ('b3dbd7fa-3c0b-43e4-8078-1c05af08f96a');
INSERT INTO `associatedfeature` (id) VALUES ('bb143ba4-40fb-4c40-9613-5b384ae39b13');
INSERT INTO `associatedfeature` (id) VALUES ('be79a172-2796-45ef-af58-55b534064194');
INSERT INTO `associatedfeature` (id) VALUES ('d1004a49-b10f-4d6c-8ad5-cfa5bbe7ea78');
INSERT INTO `associatedfeature` (id) VALUES ('dfe6a222-4b7a-445a-8332-25872d462190');
INSERT INTO `associatedfeature` (id) VALUES ('e61cdaec-346d-4332-8338-3b1ff47c5162');
INSERT INTO `associatedfeature` (id) VALUES ('e9d725c9-8511-4f72-aec0-ab8c9452f9e6');
INSERT INTO `associatedfeature` (id) VALUES ('f450a176-8304-43be-99d1-94889e684a7b');
INSERT INTO `associatedfeature` (id) VALUES ('f492195c-f591-4903-9992-e60ed04923fd');
INSERT INTO `associatedfeature` (id) VALUES ('f9ff8eff-312b-403c-b9e2-7a70a3f06313');
INSERT INTO `associatedfeature` (id) VALUES ('fc6c5401-288e-4585-bc7f-909d7a0224e4');
DELETE FROM `associatedlocation`;
INSERT INTO `associatedlocation` (id, associatedLocationType, applicationDirection, lateralSide, lateralDistance, verticalSide, verticalDistance) VALUES ('08c1efb0-603f-4322-ab54-336d072c3463', 'spot', 'both', '0', 0.0, '0', 0.0);
INSERT INTO `associatedlocation` (id, associatedLocationType, applicationDirection, lateralSide, lateralDistance, verticalSide, verticalDistance) VALUES ('12d30e44-12d8-44fe-b8fd-535027a6d50c', 'spot', 'both', '0', 0.0, '0', 0.0);
INSERT INTO `associatedlocation` (id, associatedLocationType, applicationDirection, lateralSide, lateralDistance, verticalSide, verticalDistance) VALUES ('187de3a6-a988-45df-8527-c8cbfbb0829e', 'spot', 'both', '0', 0.0, '0', 0.0);
INSERT INTO `associatedlocation` (id, associatedLocationType, applicationDirection, lateralSide, lateralDistance, verticalSide, verticalDistance) VALUES ('21e2fed0-5c8b-48e6-8378-cee47ba74c6a', 'linear', 'both', '0', 0.0, '0', 0.0);
INSERT INTO `associatedlocation` (id, associatedLocationType, applicationDirection, lateralSide, lateralDistance, verticalSide, verticalDistance) VALUES ('357b97d0-4372-4fb0-b88a-34bd134cc3c0', 'spot', 'both', '0', 0.0, '0', 0.0);
INSERT INTO `associatedlocation` (id, associatedLocationType, applicationDirection, lateralSide, lateralDistance, verticalSide, verticalDistance) VALUES ('38ea7202-070c-4c40-910d-8e95799f123f', 'spot', 'both', '0', 0.0, '0', 0.0);
INSERT INTO `associatedlocation` (id, associatedLocationType, applicationDirection, lateralSide, lateralDistance, verticalSide, verticalDistance) VALUES ('4e015053-7a61-44b7-a025-f2f317667e92', 'spot', 'both', '0', 0.0, '0', 0.0);
INSERT INTO `associatedlocation` (id, associatedLocationType, applicationDirection, lateralSide, lateralDistance, verticalSide, verticalDistance) VALUES ('52bd816e-0ab2-4826-95b4-f7cc369a6716', 'linear', 'both', '0', 0.0, '0', 0.0);
INSERT INTO `associatedlocation` (id, associatedLocationType, applicationDirection, lateralSide, lateralDistance, verticalSide, verticalDistance) VALUES ('5c476edf-caf6-4482-95da-6df88ea1c1f9', 'spot', 'both', '0', 0.0, '0', 0.0);
INSERT INTO `associatedlocation` (id, associatedLocationType, applicationDirection, lateralSide, lateralDistance, verticalSide, verticalDistance) VALUES ('63326cb3-6b55-48bd-84dc-462f3f959e08', 'linear', 'both', '0', 0.0, '0', 0.0);
INSERT INTO `associatedlocation` (id, associatedLocationType, applicationDirection, lateralSide, lateralDistance, verticalSide, verticalDistance) VALUES ('65f773bf-5482-4ce8-bac7-326b7c4f06d3', 'spot', 'both', '0', 0.0, '0', 0.0);
INSERT INTO `associatedlocation` (id, associatedLocationType, applicationDirection, lateralSide, lateralDistance, verticalSide, verticalDistance) VALUES ('6bd5a39b-6ec6-4be0-ae3d-0842efceb640', 'linear', 'normal', '0', 0.0, '0', 0.0);
INSERT INTO `associatedlocation` (id, associatedLocationType, applicationDirection, lateralSide, lateralDistance, verticalSide, verticalDistance) VALUES ('8317a7fb-7dd0-4a9f-8cc5-57332d4ab490', 'spot', 'both', '0', 0.0, '0', 0.0);
INSERT INTO `associatedlocation` (id, associatedLocationType, applicationDirection, lateralSide, lateralDistance, verticalSide, verticalDistance) VALUES ('9d156751-9d2c-46d2-9cff-fb656f62a8fe', 'linear', 'both', '0', 0.0, '0', 0.0);
INSERT INTO `associatedlocation` (id, associatedLocationType, applicationDirection, lateralSide, lateralDistance, verticalSide, verticalDistance) VALUES ('b1f09257-4bc5-40a4-8bd5-30c3de972846', 'spot', 'both', '0', 0.0, '0', 0.0);
INSERT INTO `associatedlocation` (id, associatedLocationType, applicationDirection, lateralSide, lateralDistance, verticalSide, verticalDistance) VALUES ('c866d469-20b8-4ca3-a94b-20275b8d0648', 'spot', 'both', '0', 0.0, '0', 0.0);
INSERT INTO `associatedlocation` (id, associatedLocationType, applicationDirection, lateralSide, lateralDistance, verticalSide, verticalDistance) VALUES ('ceadece9-0eb0-48db-adf2-5d3b235720ab', 'spot', 'both', '0', 0.0, '0', 0.0);
INSERT INTO `associatedlocation` (id, associatedLocationType, applicationDirection, lateralSide, lateralDistance, verticalSide, verticalDistance) VALUES ('d494e868-a674-4bcc-882c-1fdee011675c', 'linear', 'both', '0', 0.0, '0', 0.0);
INSERT INTO `associatedlocation` (id, associatedLocationType, applicationDirection, lateralSide, lateralDistance, verticalSide, verticalDistance) VALUES ('dccda469-f4fe-463e-8f8d-524ffffc586f', 'spot', 'both', '0', 0.0, '0', 0.0);
INSERT INTO `associatedlocation` (id, associatedLocationType, applicationDirection, lateralSide, lateralDistance, verticalSide, verticalDistance) VALUES ('dcf3609a-cead-4e12-b073-19a252dd94cf', 'linear', 'both', '0', 0.0, '0', 0.0);
INSERT INTO `associatedlocation` (id, associatedLocationType, applicationDirection, lateralSide, lateralDistance, verticalSide, verticalDistance) VALUES ('f72c00f1-145e-4bd7-a1a2-1809342fda5a', 'spot', 'both', '0', 0.0, '0', 0.0);
INSERT INTO `associatedlocation` (id, associatedLocationType, applicationDirection, lateralSide, lateralDistance, verticalSide, verticalDistance) VALUES ('f7527116-3c1b-4e07-a8e9-658a353ec16c', 'linear', 'both', '0', 0.0, '0', 0.0);
DELETE FROM `associatedlocationfeature`;
INSERT INTO `associatedlocationfeature` (id_AssociatedFeature, id_AssociatedLocation, sequence, keepsOrientation) VALUES ('06dd95d1-0cb2-424a-896e-be7bdf841eb1', 'f72c00f1-145e-4bd7-a1a2-1809342fda5a', 1, '1');
INSERT INTO `associatedlocationfeature` (id_AssociatedFeature, id_AssociatedLocation, sequence, keepsOrientation) VALUES ('08fa2f1f-21af-4e2b-9774-f6ea33e82eb2', '357b97d0-4372-4fb0-b88a-34bd134cc3c0', 1, '1');
INSERT INTO `associatedlocationfeature` (id_AssociatedFeature, id_AssociatedLocation, sequence, keepsOrientation) VALUES ('16574645-e2a3-414e-b92f-8aa3172372a9', '21e2fed0-5c8b-48e6-8378-cee47ba74c6a', 1, '1');
INSERT INTO `associatedlocationfeature` (id_AssociatedFeature, id_AssociatedLocation, sequence, keepsOrientation) VALUES ('1852e479-224d-4100-89eb-c0ce0dd9ae81', 'ceadece9-0eb0-48db-adf2-5d3b235720ab', 1, '1');
INSERT INTO `associatedlocationfeature` (id_AssociatedFeature, id_AssociatedLocation, sequence, keepsOrientation) VALUES ('1d966e87-9696-4da3-811b-ac1d61c977a4', '38ea7202-070c-4c40-910d-8e95799f123f', 1, '1');
INSERT INTO `associatedlocationfeature` (id_AssociatedFeature, id_AssociatedLocation, sequence, keepsOrientation) VALUES ('35f32f64-e725-4fcd-86f8-ccdedeac93e2', 'dccda469-f4fe-463e-8f8d-524ffffc586f', 1, '1');
INSERT INTO `associatedlocationfeature` (id_AssociatedFeature, id_AssociatedLocation, sequence, keepsOrientation) VALUES ('37f120a5-a43e-413b-bf16-3c544b66dc68', '65f773bf-5482-4ce8-bac7-326b7c4f06d3', 1, '1');
INSERT INTO `associatedlocationfeature` (id_AssociatedFeature, id_AssociatedLocation, sequence, keepsOrientation) VALUES ('477665e4-ee8c-42ad-b478-4f25d506bdd2', '5c476edf-caf6-4482-95da-6df88ea1c1f9', 1, '1');
INSERT INTO `associatedlocationfeature` (id_AssociatedFeature, id_AssociatedLocation, sequence, keepsOrientation) VALUES ('53158710-2d5f-4528-ba5a-14b8f4b75912', '8317a7fb-7dd0-4a9f-8cc5-57332d4ab490', 1, '1');
INSERT INTO `associatedlocationfeature` (id_AssociatedFeature, id_AssociatedLocation, sequence, keepsOrientation) VALUES ('87c94410-1739-45d3-8527-f70a5ef21d22', '6bd5a39b-6ec6-4be0-ae3d-0842efceb640', 1, '1');
INSERT INTO `associatedlocationfeature` (id_AssociatedFeature, id_AssociatedLocation, sequence, keepsOrientation) VALUES ('87c94410-1739-45d3-8527-f70a5ef21d22', 'dcf3609a-cead-4e12-b073-19a252dd94cf', 1, '1');
INSERT INTO `associatedlocationfeature` (id_AssociatedFeature, id_AssociatedLocation, sequence, keepsOrientation) VALUES ('a34cd767-7834-416f-9323-b4f61bad9249', '08c1efb0-603f-4322-ab54-336d072c3463', 1, '1');
INSERT INTO `associatedlocationfeature` (id_AssociatedFeature, id_AssociatedLocation, sequence, keepsOrientation) VALUES ('a43be22d-1219-4aa9-8419-970c595f6620', 'd494e868-a674-4bcc-882c-1fdee011675c', 1, '1');
INSERT INTO `associatedlocationfeature` (id_AssociatedFeature, id_AssociatedLocation, sequence, keepsOrientation) VALUES ('a4b1217c-4d19-4157-86cd-7d0ec8c892b3', '63326cb3-6b55-48bd-84dc-462f3f959e08', 1, '1');
INSERT INTO `associatedlocationfeature` (id_AssociatedFeature, id_AssociatedLocation, sequence, keepsOrientation) VALUES ('b3dbd7fa-3c0b-43e4-8078-1c05af08f96a', '187de3a6-a988-45df-8527-c8cbfbb0829e', 1, '1');
INSERT INTO `associatedlocationfeature` (id_AssociatedFeature, id_AssociatedLocation, sequence, keepsOrientation) VALUES ('be79a172-2796-45ef-af58-55b534064194', 'c866d469-20b8-4ca3-a94b-20275b8d0648', 1, '1');
INSERT INTO `associatedlocationfeature` (id_AssociatedFeature, id_AssociatedLocation, sequence, keepsOrientation) VALUES ('d1004a49-b10f-4d6c-8ad5-cfa5bbe7ea78', '4e015053-7a61-44b7-a025-f2f317667e92', 1, '1');
INSERT INTO `associatedlocationfeature` (id_AssociatedFeature, id_AssociatedLocation, sequence, keepsOrientation) VALUES ('e61cdaec-346d-4332-8338-3b1ff47c5162', 'f7527116-3c1b-4e07-a8e9-658a353ec16c', 1, '1');
INSERT INTO `associatedlocationfeature` (id_AssociatedFeature, id_AssociatedLocation, sequence, keepsOrientation) VALUES ('f450a176-8304-43be-99d1-94889e684a7b', 'b1f09257-4bc5-40a4-8bd5-30c3de972846', 1, '1');
INSERT INTO `associatedlocationfeature` (id_AssociatedFeature, id_AssociatedLocation, sequence, keepsOrientation) VALUES ('f492195c-f591-4903-9992-e60ed04923fd', '52bd816e-0ab2-4826-95b4-f7cc369a6716', 1, '1');
INSERT INTO `associatedlocationfeature` (id_AssociatedFeature, id_AssociatedLocation, sequence, keepsOrientation) VALUES ('f9ff8eff-312b-403c-b9e2-7a70a3f06313', '9d156751-9d2c-46d2-9cff-fb656f62a8fe', 1, '1');
INSERT INTO `associatedlocationfeature` (id_AssociatedFeature, id_AssociatedLocation, sequence, keepsOrientation) VALUES ('fc6c5401-288e-4585-bc7f-909d7a0224e4', '12d30e44-12d8-44fe-b8fd-535027a6d50c', 1, '1');
DELETE FROM `associatedposition`;
INSERT INTO `associatedposition` (id, id_PositioningNetElement, intrinsicReference, deltaPosition) VALUES ('06dd95d1-0cb2-424a-896e-be7bdf841eb1', '9f5aea90-d268-466e-8b9c-032c4183a8d3', 0.0, 400.0);
INSERT INTO `associatedposition` (id, id_PositioningNetElement, intrinsicReference, deltaPosition) VALUES ('08fa2f1f-21af-4e2b-9774-f6ea33e82eb2', '9f5aea90-d268-466e-8b9c-032c4183a8d3', 0.0, 402.5);
INSERT INTO `associatedposition` (id, id_PositioningNetElement, intrinsicReference, deltaPosition) VALUES ('0e8c2da9-4c1c-4703-8367-2d5769bd3672', '9f5aea90-d268-466e-8b9c-032c4183a8d3', 0.0, 0.0);
INSERT INTO `associatedposition` (id, id_PositioningNetElement, intrinsicReference, deltaPosition) VALUES ('1852e479-224d-4100-89eb-c0ce0dd9ae81', '9f5aea90-d268-466e-8b9c-032c4183a8d3', 0.0, 6400.0);
INSERT INTO `associatedposition` (id, id_PositioningNetElement, intrinsicReference, deltaPosition) VALUES ('1d966e87-9696-4da3-811b-ac1d61c977a4', '9f5aea90-d268-466e-8b9c-032c4183a8d3', 0.0, 1900.0);
INSERT INTO `associatedposition` (id, id_PositioningNetElement, intrinsicReference, deltaPosition) VALUES ('35f32f64-e725-4fcd-86f8-ccdedeac93e2', '9f5aea90-d268-466e-8b9c-032c4183a8d3', 0.0, 1902.5);
INSERT INTO `associatedposition` (id, id_PositioningNetElement, intrinsicReference, deltaPosition) VALUES ('37f120a5-a43e-413b-bf16-3c544b66dc68', '9f5aea90-d268-466e-8b9c-032c4183a8d3', 0.0, 9400.0);
INSERT INTO `associatedposition` (id, id_PositioningNetElement, intrinsicReference, deltaPosition) VALUES ('477665e4-ee8c-42ad-b478-4f25d506bdd2', '9f5aea90-d268-466e-8b9c-032c4183a8d3', 0.0, 9402.5);
INSERT INTO `associatedposition` (id, id_PositioningNetElement, intrinsicReference, deltaPosition) VALUES ('53158710-2d5f-4528-ba5a-14b8f4b75912', '9f5aea90-d268-466e-8b9c-032c4183a8d3', 0.0, 4902.5);
INSERT INTO `associatedposition` (id, id_PositioningNetElement, intrinsicReference, deltaPosition) VALUES ('57c783f2-a5f8-456a-99fe-53909e02b16a', '9f5aea90-d268-466e-8b9c-032c4183a8d3', 0.0, 3500.0);
INSERT INTO `associatedposition` (id, id_PositioningNetElement, intrinsicReference, deltaPosition) VALUES ('83d26459-a915-4307-8030-e916ae0dc15a', '9f5aea90-d268-466e-8b9c-032c4183a8d3', 0.0, 9100.0);
INSERT INTO `associatedposition` (id, id_PositioningNetElement, intrinsicReference, deltaPosition) VALUES ('99673cd4-3f49-4919-864d-dd9f2f8ef52f', '9f5aea90-d268-466e-8b9c-032c4183a8d3', 0.0, 5500.0);
INSERT INTO `associatedposition` (id, id_PositioningNetElement, intrinsicReference, deltaPosition) VALUES ('a34cd767-7834-416f-9323-b4f61bad9249', '9f5aea90-d268-466e-8b9c-032c4183a8d3', 0.0, 6402.5);
INSERT INTO `associatedposition` (id, id_PositioningNetElement, intrinsicReference, deltaPosition) VALUES ('b3dbd7fa-3c0b-43e4-8078-1c05af08f96a', '9f5aea90-d268-466e-8b9c-032c4183a8d3', 0.0, 4900.0);
INSERT INTO `associatedposition` (id, id_PositioningNetElement, intrinsicReference, deltaPosition) VALUES ('bb143ba4-40fb-4c40-9613-5b384ae39b13', '9f5aea90-d268-466e-8b9c-032c4183a8d3', 0.0, 7000.0);
INSERT INTO `associatedposition` (id, id_PositioningNetElement, intrinsicReference, deltaPosition) VALUES ('be79a172-2796-45ef-af58-55b534064194', '9f5aea90-d268-466e-8b9c-032c4183a8d3', 0.0, 7902.5);
INSERT INTO `associatedposition` (id, id_PositioningNetElement, intrinsicReference, deltaPosition) VALUES ('d1004a49-b10f-4d6c-8ad5-cfa5bbe7ea78', '9f5aea90-d268-466e-8b9c-032c4183a8d3', 0.0, 3402.5);
INSERT INTO `associatedposition` (id, id_PositioningNetElement, intrinsicReference, deltaPosition) VALUES ('dfe6a222-4b7a-445a-8332-25872d462190', '9f5aea90-d268-466e-8b9c-032c4183a8d3', 1.0, 0.0);
INSERT INTO `associatedposition` (id, id_PositioningNetElement, intrinsicReference, deltaPosition) VALUES ('e9d725c9-8511-4f72-aec0-ab8c9452f9e6', '9f5aea90-d268-466e-8b9c-032c4183a8d3', 0.0, 1800.0);
INSERT INTO `associatedposition` (id, id_PositioningNetElement, intrinsicReference, deltaPosition) VALUES ('f450a176-8304-43be-99d1-94889e684a7b', '9f5aea90-d268-466e-8b9c-032c4183a8d3', 0.0, 7900.0);
INSERT INTO `associatedposition` (id, id_PositioningNetElement, intrinsicReference, deltaPosition) VALUES ('fc6c5401-288e-4585-bc7f-909d7a0224e4', '9f5aea90-d268-466e-8b9c-032c4183a8d3', 0.0, 3400.0);
DELETE FROM `associatedpositioningsystem`;
DELETE FROM `associatedsection`;
INSERT INTO `associatedsection` (id, id_AssociatedPosition_A, id_AssociatedPosition_B) VALUES ('16574645-e2a3-414e-b92f-8aa3172372a9', '99673cd4-3f49-4919-864d-dd9f2f8ef52f', 'bb143ba4-40fb-4c40-9613-5b384ae39b13');
INSERT INTO `associatedsection` (id, id_AssociatedPosition_A, id_AssociatedPosition_B) VALUES ('87c94410-1739-45d3-8527-f70a5ef21d22', '0e8c2da9-4c1c-4703-8367-2d5769bd3672', 'dfe6a222-4b7a-445a-8332-25872d462190');
INSERT INTO `associatedsection` (id, id_AssociatedPosition_A, id_AssociatedPosition_B) VALUES ('a43be22d-1219-4aa9-8419-970c595f6620', '0e8c2da9-4c1c-4703-8367-2d5769bd3672', 'e9d725c9-8511-4f72-aec0-ab8c9452f9e6');
INSERT INTO `associatedsection` (id, id_AssociatedPosition_A, id_AssociatedPosition_B) VALUES ('a4b1217c-4d19-4157-86cd-7d0ec8c892b3', '57c783f2-a5f8-456a-99fe-53909e02b16a', '99673cd4-3f49-4919-864d-dd9f2f8ef52f');
INSERT INTO `associatedsection` (id, id_AssociatedPosition_A, id_AssociatedPosition_B) VALUES ('e61cdaec-346d-4332-8338-3b1ff47c5162', '83d26459-a915-4307-8030-e916ae0dc15a', 'dfe6a222-4b7a-445a-8332-25872d462190');
INSERT INTO `associatedsection` (id, id_AssociatedPosition_A, id_AssociatedPosition_B) VALUES ('f492195c-f591-4903-9992-e60ed04923fd', 'e9d725c9-8511-4f72-aec0-ab8c9452f9e6', '57c783f2-a5f8-456a-99fe-53909e02b16a');
INSERT INTO `associatedsection` (id, id_AssociatedPosition_A, id_AssociatedPosition_B) VALUES ('f9ff8eff-312b-403c-b9e2-7a70a3f06313', 'bb143ba4-40fb-4c40-9613-5b384ae39b13', '83d26459-a915-4307-8030-e916ae0dc15a');
DELETE FROM `associatedsignaltype`;
DELETE FROM `balise`;
INSERT INTO `balise` (id, baliseType, defaultTelegram, id_BaliseGroup, positionInGroup, duplicate) VALUES ('0e6cec43-1bb4-4e24-a0b0-8d1e45785962', 'fixed', '9014000000033fff', 'a44e105a-2bcc-4071-ae65-41c1c7a554a5', 2, 'no');
INSERT INTO `balise` (id, baliseType, defaultTelegram, id_BaliseGroup, positionInGroup, duplicate) VALUES ('14b894cb-72f6-45da-b22b-168e3d6ba1f5', 'fixed', '9014000000023fff', 'cb79cd85-bf6d-4721-92cf-e831cc1b9fbe', 2, 'no');
INSERT INTO `balise` (id, baliseType, defaultTelegram, id_BaliseGroup, positionInGroup, duplicate) VALUES ('15b164e0-fc91-47de-952d-a68fe7c50ba9', 'fixed', '901400000000bfff', '12a9fbaa-a938-4b7b-b8cd-021654ae15ad', 2, 'no');
INSERT INTO `balise` (id, baliseType, defaultTelegram, id_BaliseGroup, positionInGroup, duplicate) VALUES ('33fee6ba-08dd-4215-8370-375cd90f60e5', 'fixed', '9014000000003fff', 'fde33595-b45e-49df-84f6-e3225cffe7f8', 2, 'no');
INSERT INTO `balise` (id, baliseType, defaultTelegram, id_BaliseGroup, positionInGroup, duplicate) VALUES ('4b9e9aea-130a-4e52-a299-31f6bddc7627', 'fixed', '901400000002bfff', 'a7bcf251-31d9-4ad1-84a3-8f78414d14bc', 2, 'no');
INSERT INTO `balise` (id, baliseType, defaultTelegram, id_BaliseGroup, positionInGroup, duplicate) VALUES ('57cb1234-4d6a-4b52-a458-c40774e6fefe', 'fixed', '900400000000bfff', '12a9fbaa-a938-4b7b-b8cd-021654ae15ad', 1, 'no');
INSERT INTO `balise` (id, baliseType, defaultTelegram, id_BaliseGroup, positionInGroup, duplicate) VALUES ('88a94592-853b-4010-b73b-8e0f722b021f', 'fixed', '9004000000033fff', 'a44e105a-2bcc-4071-ae65-41c1c7a554a5', 1, 'no');
INSERT INTO `balise` (id, baliseType, defaultTelegram, id_BaliseGroup, positionInGroup, duplicate) VALUES ('8fd4275c-ad38-4af0-ad9f-5c11bbc701f0', 'fixed', '9004000000003fff', 'fde33595-b45e-49df-84f6-e3225cffe7f8', 1, 'no');
INSERT INTO `balise` (id, baliseType, defaultTelegram, id_BaliseGroup, positionInGroup, duplicate) VALUES ('a0ed63cd-08ce-4386-b7f6-91028e2a00b2', 'fixed', '900400000001bfff', '8ecfe2fe-701c-4b4c-9cc8-b9d80e149726', 1, 'no');
INSERT INTO `balise` (id, baliseType, defaultTelegram, id_BaliseGroup, positionInGroup, duplicate) VALUES ('b03701dd-6d73-4e04-bc9d-f75c5fab068e', 'fixed', '9004000000023fff', 'cb79cd85-bf6d-4721-92cf-e831cc1b9fbe', 1, 'no');
INSERT INTO `balise` (id, baliseType, defaultTelegram, id_BaliseGroup, positionInGroup, duplicate) VALUES ('d87311d1-6618-4c4f-87e3-79a4b9467dfc', 'fixed', '9004000000013fff', '3ad943ed-1e60-40d4-80d2-0181bc9b712b', 1, 'no');
INSERT INTO `balise` (id, baliseType, defaultTelegram, id_BaliseGroup, positionInGroup, duplicate) VALUES ('e27b2e79-8fbe-417c-a389-a20d34348580', 'fixed', '900400000002bfff', 'a7bcf251-31d9-4ad1-84a3-8f78414d14bc', 1, 'no');
INSERT INTO `balise` (id, baliseType, defaultTelegram, id_BaliseGroup, positionInGroup, duplicate) VALUES ('e48942cd-f01c-4c2c-998a-4d7d8e8ac354', 'fixed', '901400000001bfff', '8ecfe2fe-701c-4b4c-9cc8-b9d80e149726', 2, 'no');
INSERT INTO `balise` (id, baliseType, defaultTelegram, id_BaliseGroup, positionInGroup, duplicate) VALUES ('e59b6695-e707-478f-b58e-8138c950fa96', 'fixed', '9014000000013fff', '3ad943ed-1e60-40d4-80d2-0181bc9b712b', 2, 'no');
DELETE FROM `balisegroup`;
INSERT INTO `balisegroup` (id, applicationType, mileageDirection, coverage, numberOfBalisesInGroup) VALUES ('12a9fbaa-a938-4b7b-b8cd-021654ae15ad', 'ETCS', 'nominal', 'physical', 2);
INSERT INTO `balisegroup` (id, applicationType, mileageDirection, coverage, numberOfBalisesInGroup) VALUES ('3ad943ed-1e60-40d4-80d2-0181bc9b712b', 'ETCS', 'nominal', 'physical', 2);
INSERT INTO `balisegroup` (id, applicationType, mileageDirection, coverage, numberOfBalisesInGroup) VALUES ('8ecfe2fe-701c-4b4c-9cc8-b9d80e149726', 'ETCS', 'nominal', 'physical', 2);
INSERT INTO `balisegroup` (id, applicationType, mileageDirection, coverage, numberOfBalisesInGroup) VALUES ('a44e105a-2bcc-4071-ae65-41c1c7a554a5', 'ETCS', 'nominal', 'physical', 2);
INSERT INTO `balisegroup` (id, applicationType, mileageDirection, coverage, numberOfBalisesInGroup) VALUES ('a7bcf251-31d9-4ad1-84a3-8f78414d14bc', 'ETCS', 'nominal', 'physical', 2);
INSERT INTO `balisegroup` (id, applicationType, mileageDirection, coverage, numberOfBalisesInGroup) VALUES ('cb79cd85-bf6d-4721-92cf-e831cc1b9fbe', 'ETCS', 'nominal', 'physical', 2);
INSERT INTO `balisegroup` (id, applicationType, mileageDirection, coverage, numberOfBalisesInGroup) VALUES ('fde33595-b45e-49df-84f6-e3225cffe7f8', 'ETCS', 'nominal', 'physical', 2);
DELETE FROM `baseobject`;
INSERT INTO `baseobject` (id) VALUES ('06dd95d1-0cb2-424a-896e-be7bdf841eb1');
INSERT INTO `baseobject` (id) VALUES ('08c1efb0-603f-4322-ab54-336d072c3463');
INSERT INTO `baseobject` (id) VALUES ('08fa2f1f-21af-4e2b-9774-f6ea33e82eb2');
INSERT INTO `baseobject` (id) VALUES ('0e6cec43-1bb4-4e24-a0b0-8d1e45785962');
INSERT INTO `baseobject` (id) VALUES ('0e8c2da9-4c1c-4703-8367-2d5769bd3672');
INSERT INTO `baseobject` (id) VALUES ('12a9fbaa-a938-4b7b-b8cd-021654ae15ad');
INSERT INTO `baseobject` (id) VALUES ('12d30e44-12d8-44fe-b8fd-535027a6d50c');
INSERT INTO `baseobject` (id) VALUES ('14b894cb-72f6-45da-b22b-168e3d6ba1f5');
INSERT INTO `baseobject` (id) VALUES ('15b164e0-fc91-47de-952d-a68fe7c50ba9');
INSERT INTO `baseobject` (id) VALUES ('16574645-e2a3-414e-b92f-8aa3172372a9');
INSERT INTO `baseobject` (id) VALUES ('1852e479-224d-4100-89eb-c0ce0dd9ae81');
INSERT INTO `baseobject` (id) VALUES ('187de3a6-a988-45df-8527-c8cbfbb0829e');
INSERT INTO `baseobject` (id) VALUES ('1ae78cd6-7951-42ca-9b4c-2eda61c8b3f3');
INSERT INTO `baseobject` (id) VALUES ('1d966e87-9696-4da3-811b-ac1d61c977a4');
INSERT INTO `baseobject` (id) VALUES ('21e2fed0-5c8b-48e6-8378-cee47ba74c6a');
INSERT INTO `baseobject` (id) VALUES ('259085ea-b8a8-4b7e-95e2-2e2a633a11e8');
INSERT INTO `baseobject` (id) VALUES ('2f916a50-f0b2-4a5e-81bb-7a689d7207f7');
INSERT INTO `baseobject` (id) VALUES ('33fee6ba-08dd-4215-8370-375cd90f60e5');
INSERT INTO `baseobject` (id) VALUES ('357b97d0-4372-4fb0-b88a-34bd134cc3c0');
INSERT INTO `baseobject` (id) VALUES ('35f32f64-e725-4fcd-86f8-ccdedeac93e2');
INSERT INTO `baseobject` (id) VALUES ('37f120a5-a43e-413b-bf16-3c544b66dc68');
INSERT INTO `baseobject` (id) VALUES ('38ea7202-070c-4c40-910d-8e95799f123f');
INSERT INTO `baseobject` (id) VALUES ('3ad943ed-1e60-40d4-80d2-0181bc9b712b');
INSERT INTO `baseobject` (id) VALUES ('3e1a8de4-23ca-4af4-9bc8-37c144f56018');
INSERT INTO `baseobject` (id) VALUES ('400ff05d-6e67-441f-ad05-09fb90176c75');
INSERT INTO `baseobject` (id) VALUES ('477665e4-ee8c-42ad-b478-4f25d506bdd2');
INSERT INTO `baseobject` (id) VALUES ('4a471d80-3559-46d9-b39c-1ec5ab4d6703');
INSERT INTO `baseobject` (id) VALUES ('4b9e9aea-130a-4e52-a299-31f6bddc7627');
INSERT INTO `baseobject` (id) VALUES ('4e015053-7a61-44b7-a025-f2f317667e92');
INSERT INTO `baseobject` (id) VALUES ('52bd816e-0ab2-4826-95b4-f7cc369a6716');
INSERT INTO `baseobject` (id) VALUES ('53158710-2d5f-4528-ba5a-14b8f4b75912');
INSERT INTO `baseobject` (id) VALUES ('57c783f2-a5f8-456a-99fe-53909e02b16a');
INSERT INTO `baseobject` (id) VALUES ('57cb1234-4d6a-4b52-a458-c40774e6fefe');
INSERT INTO `baseobject` (id) VALUES ('58af1adc-c998-43c3-9671-73a0cc42984a');
INSERT INTO `baseobject` (id) VALUES ('5c476edf-caf6-4482-95da-6df88ea1c1f9');
INSERT INTO `baseobject` (id) VALUES ('63326cb3-6b55-48bd-84dc-462f3f959e08');
INSERT INTO `baseobject` (id) VALUES ('65f773bf-5482-4ce8-bac7-326b7c4f06d3');
INSERT INTO `baseobject` (id) VALUES ('6bd5a39b-6ec6-4be0-ae3d-0842efceb640');
INSERT INTO `baseobject` (id) VALUES ('8317a7fb-7dd0-4a9f-8cc5-57332d4ab490');
INSERT INTO `baseobject` (id) VALUES ('83d26459-a915-4307-8030-e916ae0dc15a');
INSERT INTO `baseobject` (id) VALUES ('87c94410-1739-45d3-8527-f70a5ef21d22');
INSERT INTO `baseobject` (id) VALUES ('887a1848-5937-41db-a953-df5034273cad');
INSERT INTO `baseobject` (id) VALUES ('88a94592-853b-4010-b73b-8e0f722b021f');
INSERT INTO `baseobject` (id) VALUES ('8ecfe2fe-701c-4b4c-9cc8-b9d80e149726');
INSERT INTO `baseobject` (id) VALUES ('8fd4275c-ad38-4af0-ad9f-5c11bbc701f0');
INSERT INTO `baseobject` (id) VALUES ('920afcc4-7ceb-4eb9-96a3-5c146b48946e');
INSERT INTO `baseobject` (id) VALUES ('99673cd4-3f49-4919-864d-dd9f2f8ef52f');
INSERT INTO `baseobject` (id) VALUES ('9d156751-9d2c-46d2-9cff-fb656f62a8fe');
INSERT INTO `baseobject` (id) VALUES ('9f5aea90-d268-466e-8b9c-032c4183a8d3');
INSERT INTO `baseobject` (id) VALUES ('a0ed63cd-08ce-4386-b7f6-91028e2a00b2');
INSERT INTO `baseobject` (id) VALUES ('a34cd767-7834-416f-9323-b4f61bad9249');
INSERT INTO `baseobject` (id) VALUES ('a43be22d-1219-4aa9-8419-970c595f6620');
INSERT INTO `baseobject` (id) VALUES ('a44e105a-2bcc-4071-ae65-41c1c7a554a5');
INSERT INTO `baseobject` (id) VALUES ('a4b1217c-4d19-4157-86cd-7d0ec8c892b3');
INSERT INTO `baseobject` (id) VALUES ('a7bcf251-31d9-4ad1-84a3-8f78414d14bc');
INSERT INTO `baseobject` (id) VALUES ('b03701dd-6d73-4e04-bc9d-f75c5fab068e');
INSERT INTO `baseobject` (id) VALUES ('b1f09257-4bc5-40a4-8bd5-30c3de972846');
INSERT INTO `baseobject` (id) VALUES ('b3dbd7fa-3c0b-43e4-8078-1c05af08f96a');
INSERT INTO `baseobject` (id) VALUES ('bb143ba4-40fb-4c40-9613-5b384ae39b13');
INSERT INTO `baseobject` (id) VALUES ('be79a172-2796-45ef-af58-55b534064194');
INSERT INTO `baseobject` (id) VALUES ('c866d469-20b8-4ca3-a94b-20275b8d0648');
INSERT INTO `baseobject` (id) VALUES ('cb79cd85-bf6d-4721-92cf-e831cc1b9fbe');
INSERT INTO `baseobject` (id) VALUES ('ceadece9-0eb0-48db-adf2-5d3b235720ab');
INSERT INTO `baseobject` (id) VALUES ('d1004a49-b10f-4d6c-8ad5-cfa5bbe7ea78');
INSERT INTO `baseobject` (id) VALUES ('d494e868-a674-4bcc-882c-1fdee011675c');
INSERT INTO `baseobject` (id) VALUES ('d87311d1-6618-4c4f-87e3-79a4b9467dfc');
INSERT INTO `baseobject` (id) VALUES ('dccda469-f4fe-463e-8f8d-524ffffc586f');
INSERT INTO `baseobject` (id) VALUES ('dcf3609a-cead-4e12-b073-19a252dd94cf');
INSERT INTO `baseobject` (id) VALUES ('dfe6a222-4b7a-445a-8332-25872d462190');
INSERT INTO `baseobject` (id) VALUES ('e27b2e79-8fbe-417c-a389-a20d34348580');
INSERT INTO `baseobject` (id) VALUES ('e48942cd-f01c-4c2c-998a-4d7d8e8ac354');
INSERT INTO `baseobject` (id) VALUES ('e59b6695-e707-478f-b58e-8138c950fa96');
INSERT INTO `baseobject` (id) VALUES ('e61cdaec-346d-4332-8338-3b1ff47c5162');
INSERT INTO `baseobject` (id) VALUES ('e9d725c9-8511-4f72-aec0-ab8c9452f9e6');
INSERT INTO `baseobject` (id) VALUES ('f30ea11d-2467-4dc4-bfeb-c82b3df5df3b');
INSERT INTO `baseobject` (id) VALUES ('f450a176-8304-43be-99d1-94889e684a7b');
INSERT INTO `baseobject` (id) VALUES ('f492195c-f591-4903-9992-e60ed04923fd');
INSERT INTO `baseobject` (id) VALUES ('f72c00f1-145e-4bd7-a1a2-1809342fda5a');
INSERT INTO `baseobject` (id) VALUES ('f7527116-3c1b-4e07-a8e9-658a353ec16c');
INSERT INTO `baseobject` (id) VALUES ('f786090f-654b-4785-a13b-c2926dfe038e');
INSERT INTO `baseobject` (id) VALUES ('f8f7716a-54c3-4945-ba4a-c5a1753802e2');
INSERT INTO `baseobject` (id) VALUES ('f9ff8eff-312b-403c-b9e2-7a70a3f06313');
INSERT INTO `baseobject` (id) VALUES ('fc6c5401-288e-4585-bc7f-909d7a0224e4');
INSERT INTO `baseobject` (id) VALUES ('fde33595-b45e-49df-84f6-e3225cffe7f8');
DELETE FROM `circulararchc`;
DELETE FROM `clothoidhc`;
DELETE FROM `compositionnetelement`;
INSERT INTO `compositionnetelement` (id) VALUES ('9f5aea90-d268-466e-8b9c-032c4183a8d3');
DELETE FROM `constantsuperelevation`;
DELETE FROM `controlentity`;
DELETE FROM `crossing`;
DELETE FROM `cubicparabolahc`;
DELETE FROM `derivednetentity`;
DELETE FROM `electrificationarea`;
DELETE FROM `electrificationentity`;
DELETE FROM `elementpartcollection`;
DELETE FROM `entitylocation`;
INSERT INTO `entitylocation` (id, entityLocationUsage) VALUES ('08c1efb0-603f-4322-ab54-336d072c3463', 'functionallyPhysical');
INSERT INTO `entitylocation` (id, entityLocationUsage) VALUES ('12d30e44-12d8-44fe-b8fd-535027a6d50c', 'functionallyPhysical');
INSERT INTO `entitylocation` (id, entityLocationUsage) VALUES ('187de3a6-a988-45df-8527-c8cbfbb0829e', 'functionallyPhysical');
INSERT INTO `entitylocation` (id, entityLocationUsage) VALUES ('21e2fed0-5c8b-48e6-8378-cee47ba74c6a', 'functionallyPhysical');
INSERT INTO `entitylocation` (id, entityLocationUsage) VALUES ('357b97d0-4372-4fb0-b88a-34bd134cc3c0', 'functionallyPhysical');
INSERT INTO `entitylocation` (id, entityLocationUsage) VALUES ('38ea7202-070c-4c40-910d-8e95799f123f', 'functionallyPhysical');
INSERT INTO `entitylocation` (id, entityLocationUsage) VALUES ('4e015053-7a61-44b7-a025-f2f317667e92', 'functionallyPhysical');
INSERT INTO `entitylocation` (id, entityLocationUsage) VALUES ('52bd816e-0ab2-4826-95b4-f7cc369a6716', 'functionallyPhysical');
INSERT INTO `entitylocation` (id, entityLocationUsage) VALUES ('5c476edf-caf6-4482-95da-6df88ea1c1f9', 'functionallyPhysical');
INSERT INTO `entitylocation` (id, entityLocationUsage) VALUES ('63326cb3-6b55-48bd-84dc-462f3f959e08', 'functionallyPhysical');
INSERT INTO `entitylocation` (id, entityLocationUsage) VALUES ('65f773bf-5482-4ce8-bac7-326b7c4f06d3', 'functionallyPhysical');
INSERT INTO `entitylocation` (id, entityLocationUsage) VALUES ('6bd5a39b-6ec6-4be0-ae3d-0842efceb640', 'functionallyPhysical');
INSERT INTO `entitylocation` (id, entityLocationUsage) VALUES ('8317a7fb-7dd0-4a9f-8cc5-57332d4ab490', 'functionallyPhysical');
INSERT INTO `entitylocation` (id, entityLocationUsage) VALUES ('9d156751-9d2c-46d2-9cff-fb656f62a8fe', 'functionallyPhysical');
INSERT INTO `entitylocation` (id, entityLocationUsage) VALUES ('b1f09257-4bc5-40a4-8bd5-30c3de972846', 'functionallyPhysical');
INSERT INTO `entitylocation` (id, entityLocationUsage) VALUES ('c866d469-20b8-4ca3-a94b-20275b8d0648', 'functionallyPhysical');
INSERT INTO `entitylocation` (id, entityLocationUsage) VALUES ('ceadece9-0eb0-48db-adf2-5d3b235720ab', 'functionallyPhysical');
INSERT INTO `entitylocation` (id, entityLocationUsage) VALUES ('d494e868-a674-4bcc-882c-1fdee011675c', 'functionallyPhysical');
INSERT INTO `entitylocation` (id, entityLocationUsage) VALUES ('dccda469-f4fe-463e-8f8d-524ffffc586f', 'functionallyPhysical');
INSERT INTO `entitylocation` (id, entityLocationUsage) VALUES ('dcf3609a-cead-4e12-b073-19a252dd94cf', 'functionallyPhysical');
INSERT INTO `entitylocation` (id, entityLocationUsage) VALUES ('f72c00f1-145e-4bd7-a1a2-1809342fda5a', 'functionallyPhysical');
INSERT INTO `entitylocation` (id, entityLocationUsage) VALUES ('f7527116-3c1b-4e07-a8e9-658a353ec16c', 'functionallyPhysical');
DELETE FROM `entitylocationassignment`;
INSERT INTO `entitylocationassignment` (id_EntityLocation, id_LocatedNetEntity) VALUES ('5c476edf-caf6-4482-95da-6df88ea1c1f9', '0e6cec43-1bb4-4e24-a0b0-8d1e45785962');
INSERT INTO `entitylocationassignment` (id_EntityLocation, id_LocatedNetEntity) VALUES ('08c1efb0-603f-4322-ab54-336d072c3463', '14b894cb-72f6-45da-b22b-168e3d6ba1f5');
INSERT INTO `entitylocationassignment` (id_EntityLocation, id_LocatedNetEntity) VALUES ('dccda469-f4fe-463e-8f8d-524ffffc586f', '15b164e0-fc91-47de-952d-a68fe7c50ba9');
INSERT INTO `entitylocationassignment` (id_EntityLocation, id_LocatedNetEntity) VALUES ('6bd5a39b-6ec6-4be0-ae3d-0842efceb640', '1ae78cd6-7951-42ca-9b4c-2eda61c8b3f3');
INSERT INTO `entitylocationassignment` (id_EntityLocation, id_LocatedNetEntity) VALUES ('21e2fed0-5c8b-48e6-8378-cee47ba74c6a', '259085ea-b8a8-4b7e-95e2-2e2a633a11e8');
INSERT INTO `entitylocationassignment` (id_EntityLocation, id_LocatedNetEntity) VALUES ('9d156751-9d2c-46d2-9cff-fb656f62a8fe', '2f916a50-f0b2-4a5e-81bb-7a689d7207f7');
INSERT INTO `entitylocationassignment` (id_EntityLocation, id_LocatedNetEntity) VALUES ('357b97d0-4372-4fb0-b88a-34bd134cc3c0', '33fee6ba-08dd-4215-8370-375cd90f60e5');
INSERT INTO `entitylocationassignment` (id_EntityLocation, id_LocatedNetEntity) VALUES ('c866d469-20b8-4ca3-a94b-20275b8d0648', '4b9e9aea-130a-4e52-a299-31f6bddc7627');
INSERT INTO `entitylocationassignment` (id_EntityLocation, id_LocatedNetEntity) VALUES ('38ea7202-070c-4c40-910d-8e95799f123f', '57cb1234-4d6a-4b52-a458-c40774e6fefe');
INSERT INTO `entitylocationassignment` (id_EntityLocation, id_LocatedNetEntity) VALUES ('dcf3609a-cead-4e12-b073-19a252dd94cf', '887a1848-5937-41db-a953-df5034273cad');
INSERT INTO `entitylocationassignment` (id_EntityLocation, id_LocatedNetEntity) VALUES ('65f773bf-5482-4ce8-bac7-326b7c4f06d3', '88a94592-853b-4010-b73b-8e0f722b021f');
INSERT INTO `entitylocationassignment` (id_EntityLocation, id_LocatedNetEntity) VALUES ('f72c00f1-145e-4bd7-a1a2-1809342fda5a', '8fd4275c-ad38-4af0-ad9f-5c11bbc701f0');
INSERT INTO `entitylocationassignment` (id_EntityLocation, id_LocatedNetEntity) VALUES ('52bd816e-0ab2-4826-95b4-f7cc369a6716', '920afcc4-7ceb-4eb9-96a3-5c146b48946e');
INSERT INTO `entitylocationassignment` (id_EntityLocation, id_LocatedNetEntity) VALUES ('187de3a6-a988-45df-8527-c8cbfbb0829e', 'a0ed63cd-08ce-4386-b7f6-91028e2a00b2');
INSERT INTO `entitylocationassignment` (id_EntityLocation, id_LocatedNetEntity) VALUES ('ceadece9-0eb0-48db-adf2-5d3b235720ab', 'b03701dd-6d73-4e04-bc9d-f75c5fab068e');
INSERT INTO `entitylocationassignment` (id_EntityLocation, id_LocatedNetEntity) VALUES ('12d30e44-12d8-44fe-b8fd-535027a6d50c', 'd87311d1-6618-4c4f-87e3-79a4b9467dfc');
INSERT INTO `entitylocationassignment` (id_EntityLocation, id_LocatedNetEntity) VALUES ('b1f09257-4bc5-40a4-8bd5-30c3de972846', 'e27b2e79-8fbe-417c-a389-a20d34348580');
INSERT INTO `entitylocationassignment` (id_EntityLocation, id_LocatedNetEntity) VALUES ('8317a7fb-7dd0-4a9f-8cc5-57332d4ab490', 'e48942cd-f01c-4c2c-998a-4d7d8e8ac354');
INSERT INTO `entitylocationassignment` (id_EntityLocation, id_LocatedNetEntity) VALUES ('4e015053-7a61-44b7-a025-f2f317667e92', 'e59b6695-e707-478f-b58e-8138c950fa96');
INSERT INTO `entitylocationassignment` (id_EntityLocation, id_LocatedNetEntity) VALUES ('d494e868-a674-4bcc-882c-1fdee011675c', 'f30ea11d-2467-4dc4-bfeb-c82b3df5df3b');
INSERT INTO `entitylocationassignment` (id_EntityLocation, id_LocatedNetEntity) VALUES ('63326cb3-6b55-48bd-84dc-462f3f959e08', 'f786090f-654b-4785-a13b-c2926dfe038e');
INSERT INTO `entitylocationassignment` (id_EntityLocation, id_LocatedNetEntity) VALUES ('f7527116-3c1b-4e07-a8e9-658a353ec16c', 'f8f7716a-54c3-4945-ba4a-c5a1753802e2');
DELETE FROM `entitytype`;
DELETE FROM `generaltype`;
DELETE FROM `geofeature`;
DELETE FROM `geofeatureassociatedfeature`;
DELETE FROM `geolocation`;
DELETE FROM `geolocationfeature`;
DELETE FROM `geolocationorientation`;
DELETE FROM `geometryentity`;
INSERT INTO `geometryentity` (id) VALUES ('1ae78cd6-7951-42ca-9b4c-2eda61c8b3f3');
INSERT INTO `geometryentity` (id) VALUES ('259085ea-b8a8-4b7e-95e2-2e2a633a11e8');
INSERT INTO `geometryentity` (id) VALUES ('2f916a50-f0b2-4a5e-81bb-7a689d7207f7');
INSERT INTO `geometryentity` (id) VALUES ('920afcc4-7ceb-4eb9-96a3-5c146b48946e');
INSERT INTO `geometryentity` (id) VALUES ('f30ea11d-2467-4dc4-bfeb-c82b3df5df3b');
INSERT INTO `geometryentity` (id) VALUES ('f786090f-654b-4785-a13b-c2926dfe038e');
INSERT INTO `geometryentity` (id) VALUES ('f8f7716a-54c3-4945-ba4a-c5a1753802e2');
DELETE FROM `geopoint`;
DELETE FROM `geopointgeocoordinate`;
DELETE FROM `geopointlinearcoordinate`;
DELETE FROM `geopolygonalchain`;
DELETE FROM `geopolygonalchaingeopoint`;
DELETE FROM `geopositioningsystem`;
INSERT INTO `geopositioningsystem` (id, crsDefinition) VALUES ('58af1adc-c998-43c3-9671-73a0cc42984a', 'RhinoCRS');
DELETE FROM `horizontalcurve`;
INSERT INTO `horizontalcurve` (id, azimuth0, deltaAzimuth) VALUES ('1ae78cd6-7951-42ca-9b4c-2eda61c8b3f3', 90.0, 0.0);
DELETE FROM `impedancetransformer`;
DELETE FROM `indicatortype`;
DELETE FROM `insulatedrailjoint`;
DELETE FROM `labeltype`;
DELETE FROM `levelnetwork`;
INSERT INTO `levelnetwork` (id, descriptionLevel, representation) VALUES ('400ff05d-6e67-441f-ad05-09fb90176c75', 'micro', '2D');
INSERT INTO `levelnetwork` (id, descriptionLevel, representation) VALUES ('4a471d80-3559-46d9-b39c-1ec5ab4d6703', 'micro', '3D');
DELETE FROM `levelresourceassignment`;
INSERT INTO `levelresourceassignment` (id_NetworkResource, id_LevelNetwork) VALUES ('0e6cec43-1bb4-4e24-a0b0-8d1e45785962', '400ff05d-6e67-441f-ad05-09fb90176c75');
INSERT INTO `levelresourceassignment` (id_NetworkResource, id_LevelNetwork) VALUES ('12a9fbaa-a938-4b7b-b8cd-021654ae15ad', '400ff05d-6e67-441f-ad05-09fb90176c75');
INSERT INTO `levelresourceassignment` (id_NetworkResource, id_LevelNetwork) VALUES ('14b894cb-72f6-45da-b22b-168e3d6ba1f5', '400ff05d-6e67-441f-ad05-09fb90176c75');
INSERT INTO `levelresourceassignment` (id_NetworkResource, id_LevelNetwork) VALUES ('15b164e0-fc91-47de-952d-a68fe7c50ba9', '400ff05d-6e67-441f-ad05-09fb90176c75');
INSERT INTO `levelresourceassignment` (id_NetworkResource, id_LevelNetwork) VALUES ('1ae78cd6-7951-42ca-9b4c-2eda61c8b3f3', '400ff05d-6e67-441f-ad05-09fb90176c75');
INSERT INTO `levelresourceassignment` (id_NetworkResource, id_LevelNetwork) VALUES ('259085ea-b8a8-4b7e-95e2-2e2a633a11e8', '400ff05d-6e67-441f-ad05-09fb90176c75');
INSERT INTO `levelresourceassignment` (id_NetworkResource, id_LevelNetwork) VALUES ('2f916a50-f0b2-4a5e-81bb-7a689d7207f7', '400ff05d-6e67-441f-ad05-09fb90176c75');
INSERT INTO `levelresourceassignment` (id_NetworkResource, id_LevelNetwork) VALUES ('33fee6ba-08dd-4215-8370-375cd90f60e5', '400ff05d-6e67-441f-ad05-09fb90176c75');
INSERT INTO `levelresourceassignment` (id_NetworkResource, id_LevelNetwork) VALUES ('3ad943ed-1e60-40d4-80d2-0181bc9b712b', '400ff05d-6e67-441f-ad05-09fb90176c75');
INSERT INTO `levelresourceassignment` (id_NetworkResource, id_LevelNetwork) VALUES ('4b9e9aea-130a-4e52-a299-31f6bddc7627', '400ff05d-6e67-441f-ad05-09fb90176c75');
INSERT INTO `levelresourceassignment` (id_NetworkResource, id_LevelNetwork) VALUES ('57cb1234-4d6a-4b52-a458-c40774e6fefe', '400ff05d-6e67-441f-ad05-09fb90176c75');
INSERT INTO `levelresourceassignment` (id_NetworkResource, id_LevelNetwork) VALUES ('887a1848-5937-41db-a953-df5034273cad', '400ff05d-6e67-441f-ad05-09fb90176c75');
INSERT INTO `levelresourceassignment` (id_NetworkResource, id_LevelNetwork) VALUES ('88a94592-853b-4010-b73b-8e0f722b021f', '400ff05d-6e67-441f-ad05-09fb90176c75');
INSERT INTO `levelresourceassignment` (id_NetworkResource, id_LevelNetwork) VALUES ('8ecfe2fe-701c-4b4c-9cc8-b9d80e149726', '400ff05d-6e67-441f-ad05-09fb90176c75');
INSERT INTO `levelresourceassignment` (id_NetworkResource, id_LevelNetwork) VALUES ('8fd4275c-ad38-4af0-ad9f-5c11bbc701f0', '400ff05d-6e67-441f-ad05-09fb90176c75');
INSERT INTO `levelresourceassignment` (id_NetworkResource, id_LevelNetwork) VALUES ('920afcc4-7ceb-4eb9-96a3-5c146b48946e', '400ff05d-6e67-441f-ad05-09fb90176c75');
INSERT INTO `levelresourceassignment` (id_NetworkResource, id_LevelNetwork) VALUES ('9f5aea90-d268-466e-8b9c-032c4183a8d3', '400ff05d-6e67-441f-ad05-09fb90176c75');
INSERT INTO `levelresourceassignment` (id_NetworkResource, id_LevelNetwork) VALUES ('a0ed63cd-08ce-4386-b7f6-91028e2a00b2', '400ff05d-6e67-441f-ad05-09fb90176c75');
INSERT INTO `levelresourceassignment` (id_NetworkResource, id_LevelNetwork) VALUES ('a44e105a-2bcc-4071-ae65-41c1c7a554a5', '400ff05d-6e67-441f-ad05-09fb90176c75');
INSERT INTO `levelresourceassignment` (id_NetworkResource, id_LevelNetwork) VALUES ('a7bcf251-31d9-4ad1-84a3-8f78414d14bc', '400ff05d-6e67-441f-ad05-09fb90176c75');
INSERT INTO `levelresourceassignment` (id_NetworkResource, id_LevelNetwork) VALUES ('b03701dd-6d73-4e04-bc9d-f75c5fab068e', '400ff05d-6e67-441f-ad05-09fb90176c75');
INSERT INTO `levelresourceassignment` (id_NetworkResource, id_LevelNetwork) VALUES ('cb79cd85-bf6d-4721-92cf-e831cc1b9fbe', '400ff05d-6e67-441f-ad05-09fb90176c75');
INSERT INTO `levelresourceassignment` (id_NetworkResource, id_LevelNetwork) VALUES ('d87311d1-6618-4c4f-87e3-79a4b9467dfc', '400ff05d-6e67-441f-ad05-09fb90176c75');
INSERT INTO `levelresourceassignment` (id_NetworkResource, id_LevelNetwork) VALUES ('e27b2e79-8fbe-417c-a389-a20d34348580', '400ff05d-6e67-441f-ad05-09fb90176c75');
INSERT INTO `levelresourceassignment` (id_NetworkResource, id_LevelNetwork) VALUES ('e48942cd-f01c-4c2c-998a-4d7d8e8ac354', '400ff05d-6e67-441f-ad05-09fb90176c75');
INSERT INTO `levelresourceassignment` (id_NetworkResource, id_LevelNetwork) VALUES ('e59b6695-e707-478f-b58e-8138c950fa96', '400ff05d-6e67-441f-ad05-09fb90176c75');
INSERT INTO `levelresourceassignment` (id_NetworkResource, id_LevelNetwork) VALUES ('f30ea11d-2467-4dc4-bfeb-c82b3df5df3b', '400ff05d-6e67-441f-ad05-09fb90176c75');
INSERT INTO `levelresourceassignment` (id_NetworkResource, id_LevelNetwork) VALUES ('f786090f-654b-4785-a13b-c2926dfe038e', '400ff05d-6e67-441f-ad05-09fb90176c75');
INSERT INTO `levelresourceassignment` (id_NetworkResource, id_LevelNetwork) VALUES ('f8f7716a-54c3-4945-ba4a-c5a1753802e2', '400ff05d-6e67-441f-ad05-09fb90176c75');
INSERT INTO `levelresourceassignment` (id_NetworkResource, id_LevelNetwork) VALUES ('fde33595-b45e-49df-84f6-e3225cffe7f8', '400ff05d-6e67-441f-ad05-09fb90176c75');
DELETE FROM `lighttype`;
DELETE FROM `linearanchorpoint`;
DELETE FROM `linearelement`;
INSERT INTO `linearelement` (id, length) VALUES ('9f5aea90-d268-466e-8b9c-032c4183a8d3', 10000.0);
DELETE FROM `linearpositioningsystem`;
DELETE FROM `linearsuperelevationramp`;
DELETE FROM `localizationfeature`;
INSERT INTO `localizationfeature` (id) VALUES ('06dd95d1-0cb2-424a-896e-be7bdf841eb1');
INSERT INTO `localizationfeature` (id) VALUES ('08fa2f1f-21af-4e2b-9774-f6ea33e82eb2');
INSERT INTO `localizationfeature` (id) VALUES ('0e8c2da9-4c1c-4703-8367-2d5769bd3672');
INSERT INTO `localizationfeature` (id) VALUES ('16574645-e2a3-414e-b92f-8aa3172372a9');
INSERT INTO `localizationfeature` (id) VALUES ('1852e479-224d-4100-89eb-c0ce0dd9ae81');
INSERT INTO `localizationfeature` (id) VALUES ('1d966e87-9696-4da3-811b-ac1d61c977a4');
INSERT INTO `localizationfeature` (id) VALUES ('35f32f64-e725-4fcd-86f8-ccdedeac93e2');
INSERT INTO `localizationfeature` (id) VALUES ('37f120a5-a43e-413b-bf16-3c544b66dc68');
INSERT INTO `localizationfeature` (id) VALUES ('477665e4-ee8c-42ad-b478-4f25d506bdd2');
INSERT INTO `localizationfeature` (id) VALUES ('53158710-2d5f-4528-ba5a-14b8f4b75912');
INSERT INTO `localizationfeature` (id) VALUES ('57c783f2-a5f8-456a-99fe-53909e02b16a');
INSERT INTO `localizationfeature` (id) VALUES ('83d26459-a915-4307-8030-e916ae0dc15a');
INSERT INTO `localizationfeature` (id) VALUES ('87c94410-1739-45d3-8527-f70a5ef21d22');
INSERT INTO `localizationfeature` (id) VALUES ('99673cd4-3f49-4919-864d-dd9f2f8ef52f');
INSERT INTO `localizationfeature` (id) VALUES ('a34cd767-7834-416f-9323-b4f61bad9249');
INSERT INTO `localizationfeature` (id) VALUES ('a43be22d-1219-4aa9-8419-970c595f6620');
INSERT INTO `localizationfeature` (id) VALUES ('a4b1217c-4d19-4157-86cd-7d0ec8c892b3');
INSERT INTO `localizationfeature` (id) VALUES ('b3dbd7fa-3c0b-43e4-8078-1c05af08f96a');
INSERT INTO `localizationfeature` (id) VALUES ('bb143ba4-40fb-4c40-9613-5b384ae39b13');
INSERT INTO `localizationfeature` (id) VALUES ('be79a172-2796-45ef-af58-55b534064194');
INSERT INTO `localizationfeature` (id) VALUES ('d1004a49-b10f-4d6c-8ad5-cfa5bbe7ea78');
INSERT INTO `localizationfeature` (id) VALUES ('dfe6a222-4b7a-445a-8332-25872d462190');
INSERT INTO `localizationfeature` (id) VALUES ('e61cdaec-346d-4332-8338-3b1ff47c5162');
INSERT INTO `localizationfeature` (id) VALUES ('e9d725c9-8511-4f72-aec0-ab8c9452f9e6');
INSERT INTO `localizationfeature` (id) VALUES ('f450a176-8304-43be-99d1-94889e684a7b');
INSERT INTO `localizationfeature` (id) VALUES ('f492195c-f591-4903-9992-e60ed04923fd');
INSERT INTO `localizationfeature` (id) VALUES ('f9ff8eff-312b-403c-b9e2-7a70a3f06313');
INSERT INTO `localizationfeature` (id) VALUES ('fc6c5401-288e-4585-bc7f-909d7a0224e4');
DELETE FROM `locatednetentity`;
INSERT INTO `locatednetentity` (id, id_EntityLocation_Primary) VALUES ('14b894cb-72f6-45da-b22b-168e3d6ba1f5', '08c1efb0-603f-4322-ab54-336d072c3463');
INSERT INTO `locatednetentity` (id, id_EntityLocation_Primary) VALUES ('d87311d1-6618-4c4f-87e3-79a4b9467dfc', '12d30e44-12d8-44fe-b8fd-535027a6d50c');
INSERT INTO `locatednetentity` (id, id_EntityLocation_Primary) VALUES ('a0ed63cd-08ce-4386-b7f6-91028e2a00b2', '187de3a6-a988-45df-8527-c8cbfbb0829e');
INSERT INTO `locatednetentity` (id, id_EntityLocation_Primary) VALUES ('259085ea-b8a8-4b7e-95e2-2e2a633a11e8', '21e2fed0-5c8b-48e6-8378-cee47ba74c6a');
INSERT INTO `locatednetentity` (id, id_EntityLocation_Primary) VALUES ('33fee6ba-08dd-4215-8370-375cd90f60e5', '357b97d0-4372-4fb0-b88a-34bd134cc3c0');
INSERT INTO `locatednetentity` (id, id_EntityLocation_Primary) VALUES ('57cb1234-4d6a-4b52-a458-c40774e6fefe', '38ea7202-070c-4c40-910d-8e95799f123f');
INSERT INTO `locatednetentity` (id, id_EntityLocation_Primary) VALUES ('e59b6695-e707-478f-b58e-8138c950fa96', '4e015053-7a61-44b7-a025-f2f317667e92');
INSERT INTO `locatednetentity` (id, id_EntityLocation_Primary) VALUES ('920afcc4-7ceb-4eb9-96a3-5c146b48946e', '52bd816e-0ab2-4826-95b4-f7cc369a6716');
INSERT INTO `locatednetentity` (id, id_EntityLocation_Primary) VALUES ('0e6cec43-1bb4-4e24-a0b0-8d1e45785962', '5c476edf-caf6-4482-95da-6df88ea1c1f9');
INSERT INTO `locatednetentity` (id, id_EntityLocation_Primary) VALUES ('f786090f-654b-4785-a13b-c2926dfe038e', '63326cb3-6b55-48bd-84dc-462f3f959e08');
INSERT INTO `locatednetentity` (id, id_EntityLocation_Primary) VALUES ('88a94592-853b-4010-b73b-8e0f722b021f', '65f773bf-5482-4ce8-bac7-326b7c4f06d3');
INSERT INTO `locatednetentity` (id, id_EntityLocation_Primary) VALUES ('1ae78cd6-7951-42ca-9b4c-2eda61c8b3f3', '6bd5a39b-6ec6-4be0-ae3d-0842efceb640');
INSERT INTO `locatednetentity` (id, id_EntityLocation_Primary) VALUES ('e48942cd-f01c-4c2c-998a-4d7d8e8ac354', '8317a7fb-7dd0-4a9f-8cc5-57332d4ab490');
INSERT INTO `locatednetentity` (id, id_EntityLocation_Primary) VALUES ('2f916a50-f0b2-4a5e-81bb-7a689d7207f7', '9d156751-9d2c-46d2-9cff-fb656f62a8fe');
INSERT INTO `locatednetentity` (id, id_EntityLocation_Primary) VALUES ('e27b2e79-8fbe-417c-a389-a20d34348580', 'b1f09257-4bc5-40a4-8bd5-30c3de972846');
INSERT INTO `locatednetentity` (id, id_EntityLocation_Primary) VALUES ('4b9e9aea-130a-4e52-a299-31f6bddc7627', 'c866d469-20b8-4ca3-a94b-20275b8d0648');
INSERT INTO `locatednetentity` (id, id_EntityLocation_Primary) VALUES ('b03701dd-6d73-4e04-bc9d-f75c5fab068e', 'ceadece9-0eb0-48db-adf2-5d3b235720ab');
INSERT INTO `locatednetentity` (id, id_EntityLocation_Primary) VALUES ('f30ea11d-2467-4dc4-bfeb-c82b3df5df3b', 'd494e868-a674-4bcc-882c-1fdee011675c');
INSERT INTO `locatednetentity` (id, id_EntityLocation_Primary) VALUES ('15b164e0-fc91-47de-952d-a68fe7c50ba9', 'dccda469-f4fe-463e-8f8d-524ffffc586f');
INSERT INTO `locatednetentity` (id, id_EntityLocation_Primary) VALUES ('887a1848-5937-41db-a953-df5034273cad', 'dcf3609a-cead-4e12-b073-19a252dd94cf');
INSERT INTO `locatednetentity` (id, id_EntityLocation_Primary) VALUES ('8fd4275c-ad38-4af0-ad9f-5c11bbc701f0', 'f72c00f1-145e-4bd7-a1a2-1809342fda5a');
INSERT INTO `locatednetentity` (id, id_EntityLocation_Primary) VALUES ('f8f7716a-54c3-4945-ba4a-c5a1753802e2', 'f7527116-3c1b-4e07-a8e9-658a353ec16c');
DELETE FROM `modularentity`;
INSERT INTO `modularentity` (id) VALUES ('0e6cec43-1bb4-4e24-a0b0-8d1e45785962');
INSERT INTO `modularentity` (id) VALUES ('12a9fbaa-a938-4b7b-b8cd-021654ae15ad');
INSERT INTO `modularentity` (id) VALUES ('14b894cb-72f6-45da-b22b-168e3d6ba1f5');
INSERT INTO `modularentity` (id) VALUES ('15b164e0-fc91-47de-952d-a68fe7c50ba9');
INSERT INTO `modularentity` (id) VALUES ('33fee6ba-08dd-4215-8370-375cd90f60e5');
INSERT INTO `modularentity` (id) VALUES ('3ad943ed-1e60-40d4-80d2-0181bc9b712b');
INSERT INTO `modularentity` (id) VALUES ('4b9e9aea-130a-4e52-a299-31f6bddc7627');
INSERT INTO `modularentity` (id) VALUES ('57cb1234-4d6a-4b52-a458-c40774e6fefe');
INSERT INTO `modularentity` (id) VALUES ('887a1848-5937-41db-a953-df5034273cad');
INSERT INTO `modularentity` (id) VALUES ('88a94592-853b-4010-b73b-8e0f722b021f');
INSERT INTO `modularentity` (id) VALUES ('8ecfe2fe-701c-4b4c-9cc8-b9d80e149726');
INSERT INTO `modularentity` (id) VALUES ('8fd4275c-ad38-4af0-ad9f-5c11bbc701f0');
INSERT INTO `modularentity` (id) VALUES ('a0ed63cd-08ce-4386-b7f6-91028e2a00b2');
INSERT INTO `modularentity` (id) VALUES ('a44e105a-2bcc-4071-ae65-41c1c7a554a5');
INSERT INTO `modularentity` (id) VALUES ('a7bcf251-31d9-4ad1-84a3-8f78414d14bc');
INSERT INTO `modularentity` (id) VALUES ('b03701dd-6d73-4e04-bc9d-f75c5fab068e');
INSERT INTO `modularentity` (id) VALUES ('cb79cd85-bf6d-4721-92cf-e831cc1b9fbe');
INSERT INTO `modularentity` (id) VALUES ('d87311d1-6618-4c4f-87e3-79a4b9467dfc');
INSERT INTO `modularentity` (id) VALUES ('e27b2e79-8fbe-417c-a389-a20d34348580');
INSERT INTO `modularentity` (id) VALUES ('e48942cd-f01c-4c2c-998a-4d7d8e8ac354');
INSERT INTO `modularentity` (id) VALUES ('e59b6695-e707-478f-b58e-8138c950fa96');
INSERT INTO `modularentity` (id) VALUES ('fde33595-b45e-49df-84f6-e3225cffe7f8');
DELETE FROM `modularentitytype`;
DELETE FROM `namedresource`;
INSERT INTO `namedresource` (id, name, longname) VALUES ('06dd95d1-0cb2-424a-896e-be7bdf841eb1', 'LAssPs_8', 'Bod lokalizace balzy 1-1');
INSERT INTO `namedresource` (id, name, longname) VALUES ('08fa2f1f-21af-4e2b-9774-f6ea33e82eb2', 'LAssPs_9', 'Bod pro lokalizaci balzy 1-2');
INSERT INTO `namedresource` (id, name, longname) VALUES ('0e6cec43-1bb4-4e24-a0b0-8d1e45785962', 'XPBlse_14', 'BG6_1');
INSERT INTO `namedresource` (id, name, longname) VALUES ('0e8c2da9-4c1c-4703-8367-2d5769bd3672', 'LAssPs_1', 'Zatek zkuebnho seku');
INSERT INTO `namedresource` (id, name, longname) VALUES ('12a9fbaa-a938-4b7b-b8cd-021654ae15ad', 'XPBaGr_2', 'BG1');
INSERT INTO `namedresource` (id, name, longname) VALUES ('14b894cb-72f6-45da-b22b-168e3d6ba1f5', 'XPBlse_10', 'BG4_1');
INSERT INTO `namedresource` (id, name, longname) VALUES ('15b164e0-fc91-47de-952d-a68fe7c50ba9', 'XPBlse_4', 'BG1_1');
INSERT INTO `namedresource` (id, name, longname) VALUES ('16574645-e2a3-414e-b92f-8aa3172372a9', 'LAssSc_5', 'Segment pro lokalizaci klesn 1');
INSERT INTO `namedresource` (id, name, longname) VALUES ('1852e479-224d-4100-89eb-c0ce0dd9ae81', 'LAssPs_16', 'Bod pro lokalizaci balzy 5-1');
INSERT INTO `namedresource` (id, name, longname) VALUES ('1ae78cd6-7951-42ca-9b4c-2eda61c8b3f3', 'XGStHC_1', 'Zkuebn pm');
INSERT INTO `namedresource` (id, name, longname) VALUES ('1d966e87-9696-4da3-811b-ac1d61c977a4', 'LAssPs_10', 'Bod pro lokalizaci balzy 2-1');
INSERT INTO `namedresource` (id, name, longname) VALUES ('259085ea-b8a8-4b7e-95e2-2e2a633a11e8', 'XGStVC_4', 'Klesn 1');
INSERT INTO `namedresource` (id, name, longname) VALUES ('2f916a50-f0b2-4a5e-81bb-7a689d7207f7', 'XGStVC_5', 'Stoupn 2');
INSERT INTO `namedresource` (id, name, longname) VALUES ('33fee6ba-08dd-4215-8370-375cd90f60e5', 'XPBlse_2', 'BG0_1');
INSERT INTO `namedresource` (id, name, longname) VALUES ('35f32f64-e725-4fcd-86f8-ccdedeac93e2', 'LAssPs_11', 'Bod pro lokalizaci balzy 2-2');
INSERT INTO `namedresource` (id, name, longname) VALUES ('37f120a5-a43e-413b-bf16-3c544b66dc68', 'LAssPs_20', 'Bod pro lokalizaci balzy 7-1');
INSERT INTO `namedresource` (id, name, longname) VALUES ('3ad943ed-1e60-40d4-80d2-0181bc9b712b', 'XPBaGr_3', 'BG2');
INSERT INTO `namedresource` (id, name, longname) VALUES ('3e1a8de4-23ca-4af4-9bc8-37c144f56018', 'NNetwk_1', 'Zkuebn s');
INSERT INTO `namedresource` (id, name, longname) VALUES ('477665e4-ee8c-42ad-b478-4f25d506bdd2', 'LAssPs_21', 'Bod pro lokalizaci balzy 7-2');
INSERT INTO `namedresource` (id, name, longname) VALUES ('4b9e9aea-130a-4e52-a299-31f6bddc7627', 'XPBlse_12', 'BG5_1');
INSERT INTO `namedresource` (id, name, longname) VALUES ('53158710-2d5f-4528-ba5a-14b8f4b75912', 'LAssPs_15', 'Bod pro lokalizaci balzy 4-2');
INSERT INTO `namedresource` (id, name, longname) VALUES ('57c783f2-a5f8-456a-99fe-53909e02b16a', 'LAssPs_4', 'Bod zmny sklonu 2');
INSERT INTO `namedresource` (id, name, longname) VALUES ('57cb1234-4d6a-4b52-a458-c40774e6fefe', 'XPBlse_3', 'BG1_0');
INSERT INTO `namedresource` (id, name, longname) VALUES ('58af1adc-c998-43c3-9671-73a0cc42984a', 'PGeoPS_1', 'Geometrick_souadnicov_systm');
INSERT INTO `namedresource` (id, name, longname) VALUES ('83d26459-a915-4307-8030-e916ae0dc15a', 'LAssPs_7', 'Bod zmny sklonu 5');
INSERT INTO `namedresource` (id, name, longname) VALUES ('87c94410-1739-45d3-8527-f70a5ef21d22', 'LAssSc_1', 'Segment pro lokalizaci zkuebn pm');
INSERT INTO `namedresource` (id, name, longname) VALUES ('887a1848-5937-41db-a953-df5034273cad', 'XOSpSc_1', 'sek rychlosti 1');
INSERT INTO `namedresource` (id, name, longname) VALUES ('88a94592-853b-4010-b73b-8e0f722b021f', 'XPBlse_13', 'BG6_0');
INSERT INTO `namedresource` (id, name, longname) VALUES ('8ecfe2fe-701c-4b4c-9cc8-b9d80e149726', 'XPBaGr_4', 'BG3');
INSERT INTO `namedresource` (id, name, longname) VALUES ('8fd4275c-ad38-4af0-ad9f-5c11bbc701f0', 'XPBlse_1', 'BG0_0');
INSERT INTO `namedresource` (id, name, longname) VALUES ('920afcc4-7ceb-4eb9-96a3-5c146b48946e', 'XGStVC_2', 'Stoupn 1');
INSERT INTO `namedresource` (id, name, longname) VALUES ('99673cd4-3f49-4919-864d-dd9f2f8ef52f', 'LAssPs_5', 'Bod zmny sklonu 3');
INSERT INTO `namedresource` (id, name, longname) VALUES ('9f5aea90-d268-466e-8b9c-032c4183a8d3', 'TLinEl_1', 'Zkuebn sek');
INSERT INTO `namedresource` (id, name, longname) VALUES ('a0ed63cd-08ce-4386-b7f6-91028e2a00b2', 'XPBlse_7', 'BG3_0');
INSERT INTO `namedresource` (id, name, longname) VALUES ('a34cd767-7834-416f-9323-b4f61bad9249', 'LAssPs_17', 'Bod pro lokalizaci balzy 5-2');
INSERT INTO `namedresource` (id, name, longname) VALUES ('a43be22d-1219-4aa9-8419-970c595f6620', 'LAssSc_2', 'Segment pro lokalizaci vodorovnho seku 1');
INSERT INTO `namedresource` (id, name, longname) VALUES ('a44e105a-2bcc-4071-ae65-41c1c7a554a5', 'XPBaGr_7', 'BG6');
INSERT INTO `namedresource` (id, name, longname) VALUES ('a4b1217c-4d19-4157-86cd-7d0ec8c892b3', 'LAssSc_4', 'Segment pro lokalizaci vodorovnho seku 2');
INSERT INTO `namedresource` (id, name, longname) VALUES ('a7bcf251-31d9-4ad1-84a3-8f78414d14bc', 'XPBaGr_6', 'BG5');
INSERT INTO `namedresource` (id, name, longname) VALUES ('b03701dd-6d73-4e04-bc9d-f75c5fab068e', 'XPBlse_9', 'BG4_0');
INSERT INTO `namedresource` (id, name, longname) VALUES ('b3dbd7fa-3c0b-43e4-8078-1c05af08f96a', 'LAssPs_14', 'Bod pro lokalizaci balzy 4-1');
INSERT INTO `namedresource` (id, name, longname) VALUES ('bb143ba4-40fb-4c40-9613-5b384ae39b13', 'LAssPs_6', 'Bod zmny sklonu 4');
INSERT INTO `namedresource` (id, name, longname) VALUES ('be79a172-2796-45ef-af58-55b534064194', 'LAssPs_19', 'Bod pro lokalizaci balzy 6-2');
INSERT INTO `namedresource` (id, name, longname) VALUES ('cb79cd85-bf6d-4721-92cf-e831cc1b9fbe', 'XPBaGr_5', 'BG4');
INSERT INTO `namedresource` (id, name, longname) VALUES ('d1004a49-b10f-4d6c-8ad5-cfa5bbe7ea78', 'LAssPs_13', 'Bod pro lokalizaci balzy 3-2');
INSERT INTO `namedresource` (id, name, longname) VALUES ('d87311d1-6618-4c4f-87e3-79a4b9467dfc', 'XPBlse_5', 'BG2_0');
INSERT INTO `namedresource` (id, name, longname) VALUES ('dfe6a222-4b7a-445a-8332-25872d462190', 'LAssPs_2', 'Konec zkuebnho seku');
INSERT INTO `namedresource` (id, name, longname) VALUES ('e27b2e79-8fbe-417c-a389-a20d34348580', 'XPBlse_11', 'BG5_0');
INSERT INTO `namedresource` (id, name, longname) VALUES ('e48942cd-f01c-4c2c-998a-4d7d8e8ac354', 'XPBlse_8', 'BG3_1');
INSERT INTO `namedresource` (id, name, longname) VALUES ('e59b6695-e707-478f-b58e-8138c950fa96', 'XPBlse_6', 'BG2_1');
INSERT INTO `namedresource` (id, name, longname) VALUES ('e61cdaec-346d-4332-8338-3b1ff47c5162', 'LAssSc_7', 'Segment pro lokalizaci vodorovnho seku 3');
INSERT INTO `namedresource` (id, name, longname) VALUES ('e9d725c9-8511-4f72-aec0-ab8c9452f9e6', 'LAssPs_3', 'Bod zmny sklonu 1');
INSERT INTO `namedresource` (id, name, longname) VALUES ('f30ea11d-2467-4dc4-bfeb-c82b3df5df3b', 'XGStVC_1', 'Vodorovn sek 1');
INSERT INTO `namedresource` (id, name, longname) VALUES ('f450a176-8304-43be-99d1-94889e684a7b', 'LAssPs_18', 'Bod pro lokalizaci balzy 6-1');
INSERT INTO `namedresource` (id, name, longname) VALUES ('f492195c-f591-4903-9992-e60ed04923fd', 'LAssSc_3', 'Segment pro lokalizaci stoupn 1');
INSERT INTO `namedresource` (id, name, longname) VALUES ('f786090f-654b-4785-a13b-c2926dfe038e', 'XGStVC_3', 'Vodorovn sek 2');
INSERT INTO `namedresource` (id, name, longname) VALUES ('f8f7716a-54c3-4945-ba4a-c5a1753802e2', 'XGStVC_6', 'Vodorovn sek 3');
INSERT INTO `namedresource` (id, name, longname) VALUES ('f9ff8eff-312b-403c-b9e2-7a70a3f06313', 'LAssSc_6', 'Segment pro lokalizaci stoupn 2');
INSERT INTO `namedresource` (id, name, longname) VALUES ('fc6c5401-288e-4585-bc7f-909d7a0224e4', 'LAssPs_12', 'Bod pro lokalizaci balzy 3-1');
INSERT INTO `namedresource` (id, name, longname) VALUES ('fde33595-b45e-49df-84f6-e3225cffe7f8', 'XPBaGr_1', 'BG0');
DELETE FROM `netelement`;
INSERT INTO `netelement` (id) VALUES ('9f5aea90-d268-466e-8b9c-032c4183a8d3');
DELETE FROM `netentity`;
INSERT INTO `netentity` (id) VALUES ('0e6cec43-1bb4-4e24-a0b0-8d1e45785962');
INSERT INTO `netentity` (id) VALUES ('12a9fbaa-a938-4b7b-b8cd-021654ae15ad');
INSERT INTO `netentity` (id) VALUES ('14b894cb-72f6-45da-b22b-168e3d6ba1f5');
INSERT INTO `netentity` (id) VALUES ('15b164e0-fc91-47de-952d-a68fe7c50ba9');
INSERT INTO `netentity` (id) VALUES ('1ae78cd6-7951-42ca-9b4c-2eda61c8b3f3');
INSERT INTO `netentity` (id) VALUES ('259085ea-b8a8-4b7e-95e2-2e2a633a11e8');
INSERT INTO `netentity` (id) VALUES ('2f916a50-f0b2-4a5e-81bb-7a689d7207f7');
INSERT INTO `netentity` (id) VALUES ('33fee6ba-08dd-4215-8370-375cd90f60e5');
INSERT INTO `netentity` (id) VALUES ('3ad943ed-1e60-40d4-80d2-0181bc9b712b');
INSERT INTO `netentity` (id) VALUES ('4b9e9aea-130a-4e52-a299-31f6bddc7627');
INSERT INTO `netentity` (id) VALUES ('57cb1234-4d6a-4b52-a458-c40774e6fefe');
INSERT INTO `netentity` (id) VALUES ('887a1848-5937-41db-a953-df5034273cad');
INSERT INTO `netentity` (id) VALUES ('88a94592-853b-4010-b73b-8e0f722b021f');
INSERT INTO `netentity` (id) VALUES ('8ecfe2fe-701c-4b4c-9cc8-b9d80e149726');
INSERT INTO `netentity` (id) VALUES ('8fd4275c-ad38-4af0-ad9f-5c11bbc701f0');
INSERT INTO `netentity` (id) VALUES ('920afcc4-7ceb-4eb9-96a3-5c146b48946e');
INSERT INTO `netentity` (id) VALUES ('a0ed63cd-08ce-4386-b7f6-91028e2a00b2');
INSERT INTO `netentity` (id) VALUES ('a44e105a-2bcc-4071-ae65-41c1c7a554a5');
INSERT INTO `netentity` (id) VALUES ('a7bcf251-31d9-4ad1-84a3-8f78414d14bc');
INSERT INTO `netentity` (id) VALUES ('b03701dd-6d73-4e04-bc9d-f75c5fab068e');
INSERT INTO `netentity` (id) VALUES ('cb79cd85-bf6d-4721-92cf-e831cc1b9fbe');
INSERT INTO `netentity` (id) VALUES ('d87311d1-6618-4c4f-87e3-79a4b9467dfc');
INSERT INTO `netentity` (id) VALUES ('e27b2e79-8fbe-417c-a389-a20d34348580');
INSERT INTO `netentity` (id) VALUES ('e48942cd-f01c-4c2c-998a-4d7d8e8ac354');
INSERT INTO `netentity` (id) VALUES ('e59b6695-e707-478f-b58e-8138c950fa96');
INSERT INTO `netentity` (id) VALUES ('f30ea11d-2467-4dc4-bfeb-c82b3df5df3b');
INSERT INTO `netentity` (id) VALUES ('f786090f-654b-4785-a13b-c2926dfe038e');
INSERT INTO `netentity` (id) VALUES ('f8f7716a-54c3-4945-ba4a-c5a1753802e2');
INSERT INTO `netentity` (id) VALUES ('fde33595-b45e-49df-84f6-e3225cffe7f8');
DELETE FROM `network`;
INSERT INTO `network` (id) VALUES ('3e1a8de4-23ca-4af4-9bc8-37c144f56018');
DELETE FROM `networklevelassignment`;
INSERT INTO `networklevelassignment` (id_LevelNetwork, id_Network) VALUES ('400ff05d-6e67-441f-ad05-09fb90176c75', '3e1a8de4-23ca-4af4-9bc8-37c144f56018');
INSERT INTO `networklevelassignment` (id_LevelNetwork, id_Network) VALUES ('4a471d80-3559-46d9-b39c-1ec5ab4d6703', '3e1a8de4-23ca-4af4-9bc8-37c144f56018');
DELETE FROM `networkresource`;
INSERT INTO `networkresource` (id) VALUES ('0e6cec43-1bb4-4e24-a0b0-8d1e45785962');
INSERT INTO `networkresource` (id) VALUES ('12a9fbaa-a938-4b7b-b8cd-021654ae15ad');
INSERT INTO `networkresource` (id) VALUES ('14b894cb-72f6-45da-b22b-168e3d6ba1f5');
INSERT INTO `networkresource` (id) VALUES ('15b164e0-fc91-47de-952d-a68fe7c50ba9');
INSERT INTO `networkresource` (id) VALUES ('1ae78cd6-7951-42ca-9b4c-2eda61c8b3f3');
INSERT INTO `networkresource` (id) VALUES ('259085ea-b8a8-4b7e-95e2-2e2a633a11e8');
INSERT INTO `networkresource` (id) VALUES ('2f916a50-f0b2-4a5e-81bb-7a689d7207f7');
INSERT INTO `networkresource` (id) VALUES ('33fee6ba-08dd-4215-8370-375cd90f60e5');
INSERT INTO `networkresource` (id) VALUES ('3ad943ed-1e60-40d4-80d2-0181bc9b712b');
INSERT INTO `networkresource` (id) VALUES ('4b9e9aea-130a-4e52-a299-31f6bddc7627');
INSERT INTO `networkresource` (id) VALUES ('57cb1234-4d6a-4b52-a458-c40774e6fefe');
INSERT INTO `networkresource` (id) VALUES ('887a1848-5937-41db-a953-df5034273cad');
INSERT INTO `networkresource` (id) VALUES ('88a94592-853b-4010-b73b-8e0f722b021f');
INSERT INTO `networkresource` (id) VALUES ('8ecfe2fe-701c-4b4c-9cc8-b9d80e149726');
INSERT INTO `networkresource` (id) VALUES ('8fd4275c-ad38-4af0-ad9f-5c11bbc701f0');
INSERT INTO `networkresource` (id) VALUES ('920afcc4-7ceb-4eb9-96a3-5c146b48946e');
INSERT INTO `networkresource` (id) VALUES ('9f5aea90-d268-466e-8b9c-032c4183a8d3');
INSERT INTO `networkresource` (id) VALUES ('a0ed63cd-08ce-4386-b7f6-91028e2a00b2');
INSERT INTO `networkresource` (id) VALUES ('a44e105a-2bcc-4071-ae65-41c1c7a554a5');
INSERT INTO `networkresource` (id) VALUES ('a7bcf251-31d9-4ad1-84a3-8f78414d14bc');
INSERT INTO `networkresource` (id) VALUES ('b03701dd-6d73-4e04-bc9d-f75c5fab068e');
INSERT INTO `networkresource` (id) VALUES ('cb79cd85-bf6d-4721-92cf-e831cc1b9fbe');
INSERT INTO `networkresource` (id) VALUES ('d87311d1-6618-4c4f-87e3-79a4b9467dfc');
INSERT INTO `networkresource` (id) VALUES ('e27b2e79-8fbe-417c-a389-a20d34348580');
INSERT INTO `networkresource` (id) VALUES ('e48942cd-f01c-4c2c-998a-4d7d8e8ac354');
INSERT INTO `networkresource` (id) VALUES ('e59b6695-e707-478f-b58e-8138c950fa96');
INSERT INTO `networkresource` (id) VALUES ('f30ea11d-2467-4dc4-bfeb-c82b3df5df3b');
INSERT INTO `networkresource` (id) VALUES ('f786090f-654b-4785-a13b-c2926dfe038e');
INSERT INTO `networkresource` (id) VALUES ('f8f7716a-54c3-4945-ba4a-c5a1753802e2');
INSERT INTO `networkresource` (id) VALUES ('fde33595-b45e-49df-84f6-e3225cffe7f8');
DELETE FROM `networkresourceassignment`;
INSERT INTO `networkresourceassignment` (id_NetworkResource, id_Network) VALUES ('0e6cec43-1bb4-4e24-a0b0-8d1e45785962', '3e1a8de4-23ca-4af4-9bc8-37c144f56018');
INSERT INTO `networkresourceassignment` (id_NetworkResource, id_Network) VALUES ('12a9fbaa-a938-4b7b-b8cd-021654ae15ad', '3e1a8de4-23ca-4af4-9bc8-37c144f56018');
INSERT INTO `networkresourceassignment` (id_NetworkResource, id_Network) VALUES ('14b894cb-72f6-45da-b22b-168e3d6ba1f5', '3e1a8de4-23ca-4af4-9bc8-37c144f56018');
INSERT INTO `networkresourceassignment` (id_NetworkResource, id_Network) VALUES ('15b164e0-fc91-47de-952d-a68fe7c50ba9', '3e1a8de4-23ca-4af4-9bc8-37c144f56018');
INSERT INTO `networkresourceassignment` (id_NetworkResource, id_Network) VALUES ('1ae78cd6-7951-42ca-9b4c-2eda61c8b3f3', '3e1a8de4-23ca-4af4-9bc8-37c144f56018');
INSERT INTO `networkresourceassignment` (id_NetworkResource, id_Network) VALUES ('259085ea-b8a8-4b7e-95e2-2e2a633a11e8', '3e1a8de4-23ca-4af4-9bc8-37c144f56018');
INSERT INTO `networkresourceassignment` (id_NetworkResource, id_Network) VALUES ('2f916a50-f0b2-4a5e-81bb-7a689d7207f7', '3e1a8de4-23ca-4af4-9bc8-37c144f56018');
INSERT INTO `networkresourceassignment` (id_NetworkResource, id_Network) VALUES ('33fee6ba-08dd-4215-8370-375cd90f60e5', '3e1a8de4-23ca-4af4-9bc8-37c144f56018');
INSERT INTO `networkresourceassignment` (id_NetworkResource, id_Network) VALUES ('3ad943ed-1e60-40d4-80d2-0181bc9b712b', '3e1a8de4-23ca-4af4-9bc8-37c144f56018');
INSERT INTO `networkresourceassignment` (id_NetworkResource, id_Network) VALUES ('4b9e9aea-130a-4e52-a299-31f6bddc7627', '3e1a8de4-23ca-4af4-9bc8-37c144f56018');
INSERT INTO `networkresourceassignment` (id_NetworkResource, id_Network) VALUES ('57cb1234-4d6a-4b52-a458-c40774e6fefe', '3e1a8de4-23ca-4af4-9bc8-37c144f56018');
INSERT INTO `networkresourceassignment` (id_NetworkResource, id_Network) VALUES ('887a1848-5937-41db-a953-df5034273cad', '3e1a8de4-23ca-4af4-9bc8-37c144f56018');
INSERT INTO `networkresourceassignment` (id_NetworkResource, id_Network) VALUES ('88a94592-853b-4010-b73b-8e0f722b021f', '3e1a8de4-23ca-4af4-9bc8-37c144f56018');
INSERT INTO `networkresourceassignment` (id_NetworkResource, id_Network) VALUES ('8ecfe2fe-701c-4b4c-9cc8-b9d80e149726', '3e1a8de4-23ca-4af4-9bc8-37c144f56018');
INSERT INTO `networkresourceassignment` (id_NetworkResource, id_Network) VALUES ('8fd4275c-ad38-4af0-ad9f-5c11bbc701f0', '3e1a8de4-23ca-4af4-9bc8-37c144f56018');
INSERT INTO `networkresourceassignment` (id_NetworkResource, id_Network) VALUES ('920afcc4-7ceb-4eb9-96a3-5c146b48946e', '3e1a8de4-23ca-4af4-9bc8-37c144f56018');
INSERT INTO `networkresourceassignment` (id_NetworkResource, id_Network) VALUES ('9f5aea90-d268-466e-8b9c-032c4183a8d3', '3e1a8de4-23ca-4af4-9bc8-37c144f56018');
INSERT INTO `networkresourceassignment` (id_NetworkResource, id_Network) VALUES ('a0ed63cd-08ce-4386-b7f6-91028e2a00b2', '3e1a8de4-23ca-4af4-9bc8-37c144f56018');
INSERT INTO `networkresourceassignment` (id_NetworkResource, id_Network) VALUES ('a44e105a-2bcc-4071-ae65-41c1c7a554a5', '3e1a8de4-23ca-4af4-9bc8-37c144f56018');
INSERT INTO `networkresourceassignment` (id_NetworkResource, id_Network) VALUES ('a7bcf251-31d9-4ad1-84a3-8f78414d14bc', '3e1a8de4-23ca-4af4-9bc8-37c144f56018');
INSERT INTO `networkresourceassignment` (id_NetworkResource, id_Network) VALUES ('b03701dd-6d73-4e04-bc9d-f75c5fab068e', '3e1a8de4-23ca-4af4-9bc8-37c144f56018');
INSERT INTO `networkresourceassignment` (id_NetworkResource, id_Network) VALUES ('cb79cd85-bf6d-4721-92cf-e831cc1b9fbe', '3e1a8de4-23ca-4af4-9bc8-37c144f56018');
INSERT INTO `networkresourceassignment` (id_NetworkResource, id_Network) VALUES ('d87311d1-6618-4c4f-87e3-79a4b9467dfc', '3e1a8de4-23ca-4af4-9bc8-37c144f56018');
INSERT INTO `networkresourceassignment` (id_NetworkResource, id_Network) VALUES ('e27b2e79-8fbe-417c-a389-a20d34348580', '3e1a8de4-23ca-4af4-9bc8-37c144f56018');
INSERT INTO `networkresourceassignment` (id_NetworkResource, id_Network) VALUES ('e48942cd-f01c-4c2c-998a-4d7d8e8ac354', '3e1a8de4-23ca-4af4-9bc8-37c144f56018');
INSERT INTO `networkresourceassignment` (id_NetworkResource, id_Network) VALUES ('e59b6695-e707-478f-b58e-8138c950fa96', '3e1a8de4-23ca-4af4-9bc8-37c144f56018');
INSERT INTO `networkresourceassignment` (id_NetworkResource, id_Network) VALUES ('f30ea11d-2467-4dc4-bfeb-c82b3df5df3b', '3e1a8de4-23ca-4af4-9bc8-37c144f56018');
INSERT INTO `networkresourceassignment` (id_NetworkResource, id_Network) VALUES ('f786090f-654b-4785-a13b-c2926dfe038e', '3e1a8de4-23ca-4af4-9bc8-37c144f56018');
INSERT INTO `networkresourceassignment` (id_NetworkResource, id_Network) VALUES ('f8f7716a-54c3-4945-ba4a-c5a1753802e2', '3e1a8de4-23ca-4af4-9bc8-37c144f56018');
INSERT INTO `networkresourceassignment` (id_NetworkResource, id_Network) VALUES ('fde33595-b45e-49df-84f6-e3225cffe7f8', '3e1a8de4-23ca-4af4-9bc8-37c144f56018');
DELETE FROM `nonlinearelement`;
DELETE FROM `objectprojection`;
DELETE FROM `objectprojectioncoordinate`;
DELETE FROM `objectprojectionsymbol`;
DELETE FROM `operationalarea`;
DELETE FROM `operationalareasignalassignment`;
DELETE FROM `operationalentity`;
INSERT INTO `operationalentity` (id) VALUES ('887a1848-5937-41db-a953-df5034273cad');
DELETE FROM `orderedcollection`;
DELETE FROM `orderedcollectionelement`;
DELETE FROM `parabolavc`;
DELETE FROM `platform`;
DELETE FROM `platformedge`;
DELETE FROM `platformstoppingplace`;
DELETE FROM `positionedrelation`;
DELETE FROM `positioningnetelement`;
INSERT INTO `positioningnetelement` (id) VALUES ('9f5aea90-d268-466e-8b9c-032c4183a8d3');
DELETE FROM `positioningsystem`;
INSERT INTO `positioningsystem` (id) VALUES ('58af1adc-c998-43c3-9671-73a0cc42984a');
DELETE FROM `powersource`;
DELETE FROM `railwayroute`;
DELETE FROM `relation`;
DELETE FROM `routecomponentassignment`;
DELETE FROM `routecontrolentityassignment`;
DELETE FROM `routecurveassignment`;
DELETE FROM `screenpositioningsystem`;
DELETE FROM `signalcomponenttype`;
DELETE FROM `signalcomponenttypeassignment`;
DELETE FROM `signallabeltypeassignment`;
DELETE FROM `signaltype`;
DELETE FROM `significantlooppoint`;
DELETE FROM `speedprofile`;
DELETE FROM `speedprofilesectionassignment`;
DELETE FROM `speedsection`;
INSERT INTO `speedsection` (id, maxSpeed) VALUES ('887a1848-5937-41db-a953-df5034273cad', 120.0);
DELETE FROM `speedsectionsignalassignment`;
DELETE FROM `stoppingplace`;
DELETE FROM `straighthc`;
INSERT INTO `straighthc` (id, horizontalLength) VALUES ('1ae78cd6-7951-42ca-9b4c-2eda61c8b3f3', 10000.0);
DELETE FROM `straightvc`;
INSERT INTO `straightvc` (id) VALUES ('259085ea-b8a8-4b7e-95e2-2e2a633a11e8');
INSERT INTO `straightvc` (id) VALUES ('2f916a50-f0b2-4a5e-81bb-7a689d7207f7');
INSERT INTO `straightvc` (id) VALUES ('920afcc4-7ceb-4eb9-96a3-5c146b48946e');
INSERT INTO `straightvc` (id) VALUES ('f30ea11d-2467-4dc4-bfeb-c82b3df5df3b');
INSERT INTO `straightvc` (id) VALUES ('f786090f-654b-4785-a13b-c2926dfe038e');
INSERT INTO `straightvc` (id) VALUES ('f8f7716a-54c3-4945-ba4a-c5a1753802e2');
DELETE FROM `structuralentity`;
DELETE FROM `superelevation`;
DELETE FROM `superstructurecomponent`;
DELETE FROM `switchmachine`;
DELETE FROM `switchmachinerelationassignment`;
DELETE FROM `symbolcoordinate`;
DELETE FROM `track`;
DELETE FROM `trackbed`;
DELETE FROM `trackcircuit`;
DELETE FROM `trackcircuitloopassignment`;
DELETE FROM `tracksidesignal`;
DELETE FROM `traindetectionentity`;
DELETE FROM `trainprotectionentity`;
INSERT INTO `trainprotectionentity` (id) VALUES ('0e6cec43-1bb4-4e24-a0b0-8d1e45785962');
INSERT INTO `trainprotectionentity` (id) VALUES ('12a9fbaa-a938-4b7b-b8cd-021654ae15ad');
INSERT INTO `trainprotectionentity` (id) VALUES ('14b894cb-72f6-45da-b22b-168e3d6ba1f5');
INSERT INTO `trainprotectionentity` (id) VALUES ('15b164e0-fc91-47de-952d-a68fe7c50ba9');
INSERT INTO `trainprotectionentity` (id) VALUES ('33fee6ba-08dd-4215-8370-375cd90f60e5');
INSERT INTO `trainprotectionentity` (id) VALUES ('3ad943ed-1e60-40d4-80d2-0181bc9b712b');
INSERT INTO `trainprotectionentity` (id) VALUES ('4b9e9aea-130a-4e52-a299-31f6bddc7627');
INSERT INTO `trainprotectionentity` (id) VALUES ('57cb1234-4d6a-4b52-a458-c40774e6fefe');
INSERT INTO `trainprotectionentity` (id) VALUES ('88a94592-853b-4010-b73b-8e0f722b021f');
INSERT INTO `trainprotectionentity` (id) VALUES ('8ecfe2fe-701c-4b4c-9cc8-b9d80e149726');
INSERT INTO `trainprotectionentity` (id) VALUES ('8fd4275c-ad38-4af0-ad9f-5c11bbc701f0');
INSERT INTO `trainprotectionentity` (id) VALUES ('a0ed63cd-08ce-4386-b7f6-91028e2a00b2');
INSERT INTO `trainprotectionentity` (id) VALUES ('a44e105a-2bcc-4071-ae65-41c1c7a554a5');
INSERT INTO `trainprotectionentity` (id) VALUES ('a7bcf251-31d9-4ad1-84a3-8f78414d14bc');
INSERT INTO `trainprotectionentity` (id) VALUES ('b03701dd-6d73-4e04-bc9d-f75c5fab068e');
INSERT INTO `trainprotectionentity` (id) VALUES ('cb79cd85-bf6d-4721-92cf-e831cc1b9fbe');
INSERT INTO `trainprotectionentity` (id) VALUES ('d87311d1-6618-4c4f-87e3-79a4b9467dfc');
INSERT INTO `trainprotectionentity` (id) VALUES ('e27b2e79-8fbe-417c-a389-a20d34348580');
INSERT INTO `trainprotectionentity` (id) VALUES ('e48942cd-f01c-4c2c-998a-4d7d8e8ac354');
INSERT INTO `trainprotectionentity` (id) VALUES ('e59b6695-e707-478f-b58e-8138c950fa96');
INSERT INTO `trainprotectionentity` (id) VALUES ('fde33595-b45e-49df-84f6-e3225cffe7f8');
DELETE FROM `transmissionloop`;
DELETE FROM `transmitterbox`;
DELETE FROM `tunnel`;
DELETE FROM `turnout`;
DELETE FROM `unorderedcollection`;
DELETE FROM `unorderedcollectionelement`;
DELETE FROM `verticalcurve`;
INSERT INTO `verticalcurve` (id, horizontalLength, elevation0, deltaElevation) VALUES ('259085ea-b8a8-4b7e-95e2-2e2a633a11e8', 1500.0, 15.3, -9.0);
INSERT INTO `verticalcurve` (id, horizontalLength, elevation0, deltaElevation) VALUES ('2f916a50-f0b2-4a5e-81bb-7a689d7207f7', 2100.0, 6.3, 16.8);
INSERT INTO `verticalcurve` (id, horizontalLength, elevation0, deltaElevation) VALUES ('920afcc4-7ceb-4eb9-96a3-5c146b48946e', 1700.0, 0.0, 15.3);
INSERT INTO `verticalcurve` (id, horizontalLength, elevation0, deltaElevation) VALUES ('f30ea11d-2467-4dc4-bfeb-c82b3df5df3b', 1800.0, 0.0, 0.0);
INSERT INTO `verticalcurve` (id, horizontalLength, elevation0, deltaElevation) VALUES ('f786090f-654b-4785-a13b-c2926dfe038e', 2000.0, 15.3, 0.0);
INSERT INTO `verticalcurve` (id, horizontalLength, elevation0, deltaElevation) VALUES ('f8f7716a-54c3-4945-ba4a-c5a1753802e2', 900.0, 23.1, 0.0);
DELETE FROM `visualization`;
DELETE FROM `visualizationbaseobject`;
